{
	"texture_size": [32, 32],
	"textures": {
		"0": "create_new_age:block/heater",
		"1": "create_new_age:block/heater/heater_steel",
		"particle": "create_new_age:block/heater"
	},
	"elements": [
		{
			"from": [2, 0, 2],
			"to": [14, 3, 14],
			"faces": {
				"north": {"uv": [7, 0, 13, 1.5], "texture": "#0"},
				"east": {"uv": [7, 0, 13, 1.5], "texture": "#0"},
				"south": {"uv": [7, 0, 13, 1.5], "texture": "#0"},
				"west": {"uv": [7, 0, 13, 1.5], "texture": "#0"},
				"down": {"uv": [7, 1.5, 13, 7.5], "texture": "#0"}
			}
		},
		{
			"from": [1, 3, 1],
			"to": [15, 11, 15],
			"faces": {
				"north": {"uv": [0, 0, 7, 4], "texture": "#0"},
				"east": {"uv": [0, 0, 7, 4], "texture": "#0"},
				"south": {"uv": [0, 0, 7, 4], "texture": "#0"},
				"west": {"uv": [0, 0, 7, 4], "texture": "#0"},
				"down": {"uv": [0, 4, 7, 11], "texture": "#0"}
			}
		},
		{
			"name": "base",
			"from": [0.5, 11, 0.5],
			"to": [15.5, 12, 15.5],
			"rotation": {"angle": 0, "axis": "y", "origin": [8, 1, 8]},
			"faces": {
				"north": {"uv": [0, 0.5, 7.5, 0], "texture": "#1"},
				"east": {"uv": [0, 0.5, 7.5, 0], "texture": "#1"},
				"south": {"uv": [0, 0.5, 7.5, 0], "texture": "#1"},
				"west": {"uv": [0, 0.5, 7.5, 0], "texture": "#1"},
				"up": {"uv": [0, 0, 7.5, 7.5], "texture": "#1"},
				"down": {"uv": [0, 0, 7.5, 7.5], "texture": "#1"}
			}
		},
		{
			"from": [1, 12, 11.5],
			"to": [15, 16, 12.5],
			"rotation": {"angle": 0, "axis": "y", "origin": [8, 1, 8]},
			"faces": {
				"north": {"uv": [7, 7.5, 0, 9.5], "texture": "#1"},
				"east": {"uv": [0.5, 7.5, 0, 9.5], "texture": "#1"},
				"south": {"uv": [7, 7.5, 0, 9.5], "texture": "#1"},
				"west": {"uv": [0, 7.5, 0.5, 9.5], "texture": "#1"},
				"up": {"uv": [7, 7.5, 0, 8], "texture": "#1"}
			}
		},
		{
			"from": [1, 12, 13.5],
			"to": [15, 16, 14.5],
			"rotation": {"angle": 0, "axis": "y", "origin": [8, 1, 8]},
			"faces": {
				"north": {"uv": [7, 7.5, 0, 9.5], "texture": "#1"},
				"east": {"uv": [0.5, 7.5, 0, 9.5], "texture": "#1"},
				"south": {"uv": [7, 7.5, 0, 9.5], "texture": "#1"},
				"west": {"uv": [0, 7.5, 0.5, 9.5], "texture": "#1"},
				"up": {"uv": [7, 7.5, 0, 8], "texture": "#1"}
			}
		},
		{
			"from": [1, 12, 9.5],
			"to": [15, 16, 10.5],
			"rotation": {"angle": 0, "axis": "y", "origin": [8, 1, 8]},
			"faces": {
				"north": {"uv": [7, 7.5, 0, 9.5], "texture": "#1"},
				"east": {"uv": [0.5, 7.5, 0, 9.5], "texture": "#1"},
				"south": {"uv": [7, 7.5, 0, 9.5], "texture": "#1"},
				"west": {"uv": [0, 7.5, 0.5, 9.5], "texture": "#1"},
				"up": {"uv": [7, 7.5, 0, 8], "texture": "#1"}
			}
		},
		{
			"from": [1, 12, 7.5],
			"to": [15, 16, 8.5],
			"rotation": {"angle": 0, "axis": "y", "origin": [8, 1, 8]},
			"faces": {
				"north": {"uv": [7, 7.5, 0, 9.5], "texture": "#1"},
				"east": {"uv": [0.5, 7.5, 0, 9.5], "texture": "#1"},
				"south": {"uv": [7, 7.5, 0, 9.5], "texture": "#1"},
				"west": {"uv": [0, 7.5, 0.5, 9.5], "texture": "#1"},
				"up": {"uv": [7, 7.5, 0, 8], "texture": "#1"}
			}
		},
		{
			"from": [1, 12, 5.5],
			"to": [15, 16, 6.5],
			"rotation": {"angle": 0, "axis": "y", "origin": [8, 1, 8]},
			"faces": {
				"north": {"uv": [7, 7.5, 0, 9.5], "texture": "#1"},
				"east": {"uv": [0.5, 7.5, 0, 9.5], "texture": "#1"},
				"south": {"uv": [7, 7.5, 0, 9.5], "texture": "#1"},
				"west": {"uv": [0, 7.5, 0.5, 9.5], "texture": "#1"},
				"up": {"uv": [7, 7.5, 0, 8], "texture": "#1"}
			}
		},
		{
			"from": [1, 12, 3.5],
			"to": [15, 16, 4.5],
			"rotation": {"angle": 0, "axis": "y", "origin": [8, 1, 8]},
			"faces": {
				"north": {"uv": [7, 7.5, 0, 9.5], "texture": "#1"},
				"east": {"uv": [0.5, 7.5, 0, 9.5], "texture": "#1"},
				"south": {"uv": [7, 7.5, 0, 9.5], "texture": "#1"},
				"west": {"uv": [0, 7.5, 0.5, 9.5], "texture": "#1"},
				"up": {"uv": [7, 7.5, 0, 8], "texture": "#1"}
			}
		},
		{
			"from": [1, 12, 1.5],
			"to": [15, 16, 2.5],
			"rotation": {"angle": 0, "axis": "y", "origin": [8, 1, 8]},
			"faces": {
				"north": {"uv": [7, 7.5, 0, 9.5], "texture": "#1"},
				"east": {"uv": [0.5, 7.5, 0, 9.5], "texture": "#1"},
				"south": {"uv": [7, 7.5, 0, 9.5], "texture": "#1"},
				"west": {"uv": [0, 7.5, 0.5, 9.5], "texture": "#1"},
				"up": {"uv": [7, 7.5, 0, 8], "texture": "#1"}
			}
		},
		{
			"from": [4, 4, 0],
			"to": [12, 11.99, 1],
			"rotation": {"angle": 0, "axis": "y", "origin": [8, 8, 8]},
			"faces": {
				"north": {"uv": [0, 11, 4, 14.995], "texture": "#0"},
				"east": {"uv": [0, 11, 0.5, 14.995], "texture": "#0"},
				"west": {"uv": [0, 11, 0.5, 14.995], "texture": "#0"},
				"up": {"uv": [0, 11, 4, 11.5], "texture": "#0"},
				"down": {"uv": [0, 11, 4, 11.5], "texture": "#0"}
			}
		},
		{
			"from": [15, 4, 4],
			"to": [16, 11.99, 12],
			"rotation": {"angle": 0, "axis": "y", "origin": [8, 8, 8]},
			"faces": {
				"north": {"uv": [0, 11, 0.5, 14.995], "texture": "#0"},
				"east": {"uv": [0, 11, 4, 14.995], "texture": "#0"},
				"south": {"uv": [0, 11, 0.5, 14.995], "texture": "#0"},
				"up": {"uv": [0, 11, 4, 11.5], "rotation": 90, "texture": "#0"},
				"down": {"uv": [0, 11, 4, 11.5], "rotation": 270, "texture": "#0"}
			}
		},
		{
			"from": [4, 4, 15],
			"to": [12, 11.99, 16],
			"rotation": {"angle": 0, "axis": "y", "origin": [8, 8, 8]},
			"faces": {
				"east": {"uv": [0, 11, 0.5, 14.995], "texture": "#0"},
				"south": {"uv": [0, 11, 4, 14.995], "texture": "#0"},
				"west": {"uv": [0, 11, 0.5, 14.995], "texture": "#0"},
				"up": {"uv": [0, 11, 4, 11.5], "rotation": 180, "texture": "#0"},
				"down": {"uv": [0, 11, 4, 11.5], "rotation": 180, "texture": "#0"}
			}
		},
		{
			"from": [0, 4, 4],
			"to": [1, 11.99, 12],
			"rotation": {"angle": 0, "axis": "y", "origin": [8, 8, 8]},
			"faces": {
				"north": {"uv": [0, 11, 0.5, 14.995], "texture": "#0"},
				"south": {"uv": [0, 11, 0.5, 14.995], "texture": "#0"},
				"west": {"uv": [0, 11, 4, 14.995], "texture": "#0"},
				"up": {"uv": [0, 11, 4, 11.5], "rotation": 270, "texture": "#0"},
				"down": {"uv": [0, 11, 4, 11.5], "rotation": 90, "texture": "#0"}
			}
		}
	],
	"display": {
		"thirdperson_righthand": {
			"rotation": [75, 45, 0],
			"translation": [0, 2.5, 0],
			"scale": [0.375, 0.375, 0.375]
		},
		"thirdperson_lefthand": {
			"rotation": [75, 45, 0],
			"translation": [0, 2.5, 0],
			"scale": [0.375, 0.375, 0.375]
		},
		"firstperson_righthand": {
			"rotation": [0, 45, 0],
			"scale": [0.4, 0.4, 0.4]
		},
		"firstperson_lefthand": {
			"rotation": [0, 225, 0],
			"scale": [0.4, 0.4, 0.4]
		},
		"ground": {
			"translation": [0, 3, 0],
			"scale": [0.25, 0.25, 0.25]
		},
		"gui": {
			"rotation": [30, 225, 0],
			"scale": [0.625, 0.625, 0.625]
		},
		"fixed": {
			"scale": [0.5, 0.5, 0.5]
		}
	},
	"groups": [
		0,
		1,
		{
			"name": "topsink",
			"origin": [8, 1, 8],
			"color": 0,
			"children": [2, 3, 4, 5, 6, 7, 8, 9]
		},
		{
			"name": "heat_ports",
			"origin": [0, 0, 0],
			"color": 0,
			"children": [10, 11, 12, 13]
		}
	]
}