{
	"format_version": "1.8.0",
	"animations": {
		"0": {
			"loop": true,
			"animation_length": 5,
			"bones": {
				"bone": {
					"rotation": {
						"0.0": {
							"post": [22.5, -22.5, 15],
							"lerp_mode": "catmullrom"
						},
						"2.5": {
							"post": [-22.5, 180, -22.5],
							"lerp_mode": "catmullrom"
						},
						"5.0": {
							"post": [22.5, 337.5, 15],
							"lerp_mode": "catmullrom"
						}
					},
					"position": {
						"0.0": {
							"post": [0, -1, 0],
							"lerp_mode": "catmullrom"
						},
						"2.5": {
							"post": [0, 1, 0],
							"lerp_mode": "catmullrom"
						},
						"5.0": {
							"post": [0, -1, 0],
							"lerp_mode": "catmullrom"
						}
					}
				}
			}
		}
	},
	"geckolib_format_version": 2
}