{
	"texture_size": [32, 32],
	"textures": {
		"0": "create_new_age:block/golden_motor",
		"particle": "create_new_age:block/golden_motor"
	},
	"elements": [
		{
			"from": [5, 3, 4],
			"to": [11, 9, 10],
			"rotation": {"angle": 0, "axis": "y", "origin": [8, 8, 8]},
			"faces": {
				"north": {"uv": [5, 0, 8, 3], "rotation": 180, "texture": "#0"},
				"east": {"uv": [5, 0, 8, 3], "rotation": 180, "texture": "#0"},
				"south": {"uv": [5, 0, 8, 3], "rotation": 180, "texture": "#0"},
				"west": {"uv": [5, 0, 8, 3], "rotation": 180, "texture": "#0"},
				"up": {"uv": [5, 0, 8, 3], "rotation": 180, "texture": "#0"},
				"down": {"uv": [5, 0, 8, 3], "rotation": 180, "texture": "#0"}
			}
		},
		{
			"from": [3, 5, 4],
			"to": [13, 11, 10],
			"rotation": {"angle": 0, "axis": "y", "origin": [8, 8, 8]},
			"faces": {
				"north": {"uv": [5, 0, 8, 3], "texture": "#0"},
				"east": {"uv": [5, 0, 8, 3], "texture": "#0"},
				"south": {"uv": [5, 0, 8, 3], "texture": "#0"},
				"west": {"uv": [5, 0, 8, 3], "texture": "#0"},
				"up": {"uv": [5, 0, 8, 3], "texture": "#0"},
				"down": {"uv": [5, 0, 8, 3], "texture": "#0"}
			}
		},
		{
			"from": [5, 7, 4],
			"to": [11, 13, 10],
			"rotation": {"angle": 0, "axis": "y", "origin": [8, 8, 8]},
			"faces": {
				"north": {"uv": [5, 0, 8, 3], "texture": "#0"},
				"east": {"uv": [5, 0, 8, 3], "texture": "#0"},
				"south": {"uv": [5, 0, 8, 3], "texture": "#0"},
				"west": {"uv": [5, 0, 8, 3], "texture": "#0"},
				"up": {"uv": [5, 0, 8, 3], "texture": "#0"},
				"down": {"uv": [5, 0, 8, 3], "texture": "#0"}
			}
		},
		{
			"name": "Between Rims",
			"from": [3.5, 3.5, -0.1],
			"to": [12.5, 12.5, 5],
			"rotation": {"angle": 0, "axis": "y", "origin": [8, 8, 8]},
			"faces": {
				"north": {"uv": [0, 10, 4.5, 14.5], "rotation": 90, "texture": "#0"},
				"east": {"uv": [1.75, 5, 6.25, 7.5], "rotation": 270, "texture": "#0"},
				"west": {"uv": [1.75, 5, 6.25, 7.5], "rotation": 90, "texture": "#0"},
				"up": {"uv": [1.75, 5, 6.25, 7.5], "rotation": 180, "texture": "#0"},
				"down": {"uv": [1.75, 5, 6.25, 7.5], "texture": "#0"}
			}
		},
		{
			"name": "Body",
			"from": [4, 4, 2],
			"to": [12, 12, 12],
			"rotation": {"angle": 0, "axis": "y", "origin": [8, 8, 8]},
			"faces": {
				"north": {"uv": [9, 1.5, 13, 6.5], "rotation": 180, "texture": "#0"},
				"east": {"uv": [10, 3.5, 14, 8], "rotation": 90, "texture": "#0"},
				"south": {"uv": [0.5, 0.5, 4.5, 4.5], "texture": "#0"},
				"west": {"uv": [10, 0, 14, 4.5], "rotation": 90, "texture": "#0"},
				"up": {"uv": [10, 0, 14, 4.5], "rotation": 180, "texture": "#0"},
				"down": {"uv": [10, 3.5, 14, 8], "rotation": 180, "texture": "#0"}
			}
		},
		{
			"name": "clip",
			"from": [6, 12.5, -2],
			"to": [10, 14.5, 2],
			"rotation": {"angle": 0, "axis": "y", "origin": [8, 8, 8]},
			"faces": {
				"north": {"uv": [5.5, 3.5, 7.5, 4.5], "texture": "#0"},
				"east": {"uv": [5.5, 3.5, 7.5, 4.5], "texture": "#0"},
				"south": {"uv": [5.5, 3.5, 7.5, 4.5], "texture": "#0"},
				"west": {"uv": [5.5, 3.5, 7.5, 4.5], "texture": "#0"},
				"up": {"uv": [5.5, 3, 7.5, 5], "rotation": 180, "texture": "#0"},
				"down": {"uv": [5.5, 3, 7.5, 5], "rotation": 180, "texture": "#0"}
			}
		},
		{
			"name": "clip",
			"from": [1.5, 6, -2],
			"to": [3.5, 10, 2],
			"rotation": {"angle": 0, "axis": "y", "origin": [8, 8, 8]},
			"faces": {
				"north": {"uv": [5.5, 3.5, 7.5, 4.5], "rotation": 90, "texture": "#0"},
				"east": {"uv": [5.5, 3, 7.5, 5], "rotation": 90, "texture": "#0"},
				"south": {"uv": [5.5, 3.5, 7.5, 4.5], "rotation": 270, "texture": "#0"},
				"west": {"uv": [5.5, 3, 7.5, 5], "rotation": 90, "texture": "#0"},
				"up": {"uv": [5.5, 3.5, 7.5, 4.5], "rotation": 270, "texture": "#0"},
				"down": {"uv": [5.5, 3.5, 7.5, 4.5], "rotation": 270, "texture": "#0"}
			}
		},
		{
			"name": "clip",
			"from": [6, 1.5, -2],
			"to": [10, 3.5, 2],
			"rotation": {"angle": 0, "axis": "y", "origin": [8, 8, 8]},
			"faces": {
				"north": {"uv": [5.5, 3.5, 7.5, 4.5], "rotation": 180, "texture": "#0"},
				"east": {"uv": [5.5, 3.5, 7.5, 4.5], "rotation": 180, "texture": "#0"},
				"south": {"uv": [5.5, 3.5, 7.5, 4.5], "rotation": 180, "texture": "#0"},
				"west": {"uv": [5.5, 3.5, 7.5, 4.5], "rotation": 180, "texture": "#0"},
				"up": {"uv": [5.5, 3, 7.5, 5], "texture": "#0"},
				"down": {"uv": [5.5, 3, 7.5, 5], "texture": "#0"}
			}
		},
		{
			"name": "clip",
			"from": [12.5, 6, -2],
			"to": [14.5, 10, 2],
			"rotation": {"angle": 0, "axis": "y", "origin": [8, 8, 8]},
			"faces": {
				"north": {"uv": [5.5, 3.5, 7.5, 4.5], "rotation": 270, "texture": "#0"},
				"east": {"uv": [5.5, 3, 7.5, 5], "rotation": 270, "texture": "#0"},
				"south": {"uv": [5.5, 3.5, 7.5, 4.5], "rotation": 90, "texture": "#0"},
				"west": {"uv": [5.5, 3, 7.5, 5], "rotation": 270, "texture": "#0"},
				"up": {"uv": [5.5, 3.5, 7.5, 4.5], "rotation": 90, "texture": "#0"},
				"down": {"uv": [5.5, 3.5, 7.5, 4.5], "rotation": 90, "texture": "#0"}
			}
		},
		{
			"from": [2, 12, 0],
			"to": [4, 14, 11],
			"rotation": {"angle": 0, "axis": "y", "origin": [8, 8, 8]},
			"faces": {
				"north": {"uv": [8, 5, 7, 6], "texture": "#0"},
				"east": {"uv": [15, 6, 16, 0.5], "rotation": 270, "texture": "#0"},
				"south": {"uv": [7, 6, 8, 5], "rotation": 90, "texture": "#0"},
				"west": {"uv": [15, 6, 16, 0.5], "rotation": 90, "texture": "#0"},
				"up": {"uv": [16, 0.5, 15, 6], "texture": "#0"},
				"down": {"uv": [16, 0.5, 15, 6], "texture": "#0"}
			}
		},
		{
			"from": [12, 12, 0],
			"to": [14, 14, 11],
			"rotation": {"angle": 0, "axis": "y", "origin": [8, 8, 8]},
			"faces": {
				"north": {"uv": [8, 5, 7, 6], "texture": "#0"},
				"east": {"uv": [15, 6, 16, 0.5], "rotation": 270, "texture": "#0"},
				"south": {"uv": [7, 6, 8, 5], "rotation": 90, "texture": "#0"},
				"west": {"uv": [15, 6, 16, 0.5], "rotation": 90, "texture": "#0"},
				"up": {"uv": [16, 0.5, 15, 6], "texture": "#0"},
				"down": {"uv": [16, 0.5, 15, 6], "texture": "#0"}
			}
		},
		{
			"from": [12, 2, 0],
			"to": [14, 4, 11],
			"rotation": {"angle": 0, "axis": "y", "origin": [8, 8, 8]},
			"faces": {
				"north": {"uv": [8, 5, 7, 6], "texture": "#0"},
				"east": {"uv": [15, 6, 16, 0.5], "rotation": 270, "texture": "#0"},
				"south": {"uv": [7, 6, 8, 5], "rotation": 90, "texture": "#0"},
				"west": {"uv": [15, 4, 16, 0.5], "rotation": 90, "texture": "#0"},
				"up": {"uv": [16, 0.5, 15, 8], "texture": "#0"},
				"down": {"uv": [16, 0.5, 15, 6], "texture": "#0"}
			}
		},
		{
			"from": [2, 2, 0],
			"to": [4, 4, 11],
			"rotation": {"angle": 0, "axis": "y", "origin": [8, 8, 8]},
			"faces": {
				"north": {"uv": [8, 5, 7, 6], "texture": "#0"},
				"east": {"uv": [15, 6, 16, 0.5], "rotation": 270, "texture": "#0"},
				"south": {"uv": [7, 6, 8, 5], "rotation": 90, "texture": "#0"},
				"west": {"uv": [15, 6, 16, 0.5], "rotation": 90, "texture": "#0"},
				"up": {"uv": [16, 0.5, 15, 6], "texture": "#0"},
				"down": {"uv": [16, 0.5, 15, 6], "texture": "#0"}
			}
		}
	],
	"display": {
		"thirdperson_righthand": {
			"rotation": [75, 45, 0],
			"translation": [0, 2.5, 0],
			"scale": [0.375, 0.375, 0.375]
		},
		"thirdperson_lefthand": {
			"rotation": [75, 45, 0],
			"translation": [0, 2.5, 0],
			"scale": [0.375, 0.375, 0.375]
		},
		"firstperson_righthand": {
			"rotation": [0, 45, 0],
			"scale": [0.4, 0.4, 0.4]
		},
		"firstperson_lefthand": {
			"rotation": [0, 225, 0],
			"scale": [0.4, 0.4, 0.4]
		},
		"ground": {
			"translation": [0, 3, 0],
			"scale": [0.25, 0.25, 0.25]
		},
		"gui": {
			"rotation": [30, 225, 0],
			"scale": [0.625, 0.625, 0.625]
		},
		"fixed": {
			"scale": [0.5, 0.5, 0.5]
		}
	}
}