{
	"format_version": "1.12.0",
	"minecraft:geometry": [
		{
			"description": {
				"identifier": "geometry.unknown",
				"texture_width": 128,
				"texture_height": 128,
				"visible_bounds_width": 2,
				"visible_bounds_height": 2.5,
				"visible_bounds_offset": [0, 0.75, 0]
			},
			"bones": [
				{
					"name": "bb_main",
					"pivot": [0, 0, 0],
					"cubes": [
						{
							"origin": [-3, -0.05, -3],
							"size": [6, 2, 6],
							"uv": {
								"north": {"uv": [2, 2], "uv_size": [6, 2]},
								"east": {"uv": [-4, 2], "uv_size": [6, 2]},
								"south": {"uv": [14, 2], "uv_size": [6, 2]},
								"west": {"uv": [8, 2], "uv_size": [6, 2]},
								"up": {"uv": [0, 0], "uv_size": [6, 6]},
								"down": {"uv": [40, 6], "uv_size": [6, -6]}
							}
						}
					]
				},
				{
					"name": "frame",
					"pivot": [0, 0, 0],
					"cubes": [
						{
							"origin": [6, 14, -6],
							"size": [2, 2, 12],
							"uv": {
								"north": {"uv": [63, 0], "uv_size": [2, 2]},
								"east": {"uv": [54, 58], "uv_size": [13, 2]},
								"south": {"uv": [63, 0], "uv_size": [2, 2]},
								"west": {"uv": [54, 26], "uv_size": [13, 2]},
								"up": {"uv": [67, 28], "uv_size": [2, 12]},
								"down": {"uv": [67, 72], "uv_size": [2, -12]}
							}
						},
						{
							"origin": [-8, 0, -8],
							"size": [16, 2, 16],
							"uv": {
								"north": {"uv": [52, 40], "uv_size": [17, 2]},
								"east": {"uv": [52, 40], "uv_size": [17, 2]},
								"south": {"uv": [52, 40], "uv_size": [17, 2]},
								"west": {"uv": [52, 40], "uv_size": [17, 2]},
								"up": {"uv": [52, 58], "uv_size": [17, 16]},
								"down": {"uv": [52, 42], "uv_size": [17, -16]}
							}
						},
						{
							"origin": [-8, 2, 6],
							"size": [2, 12, 2],
							"uv": {
								"north": {"uv": [52, 60], "uv_size": [2, 12]},
								"east": {"uv": [52, 28], "uv_size": [2, 12]},
								"south": {"uv": [67, 28], "uv_size": [2, 12]},
								"west": {"uv": [67, 60], "uv_size": [2, 12]},
								"up": {"uv": [73, 0], "uv_size": [2, 2]},
								"down": {"uv": [75, 2], "uv_size": [2, -2]}
							}
						},
						{
							"origin": [6, 2, 6],
							"size": [2, 12, 2],
							"uv": {
								"north": {"uv": [67, 60], "uv_size": [2, 12]},
								"east": {"uv": [52, 60], "uv_size": [2, 12]},
								"south": {"uv": [52, 28], "uv_size": [2, 12]},
								"west": {"uv": [67, 28], "uv_size": [2, 12]},
								"up": {"uv": [62, 0], "uv_size": [2, 2]},
								"down": {"uv": [64, 2], "uv_size": [2, -2]}
							}
						},
						{
							"origin": [6, 2, -8],
							"size": [2, 12, 2],
							"uv": {
								"north": {"uv": [67, 28], "uv_size": [2, 12]},
								"east": {"uv": [67, 60], "uv_size": [2, 12]},
								"south": {"uv": [52, 60], "uv_size": [2, 12]},
								"west": {"uv": [52, 28], "uv_size": [2, 12]},
								"up": {"uv": [72, 0], "uv_size": [2, 2]},
								"down": {"uv": [74, 2], "uv_size": [2, -2]}
							}
						},
						{
							"origin": [-8, 2, -8],
							"size": [2, 12, 2],
							"uv": {
								"north": {"uv": [52, 28], "uv_size": [2, 12]},
								"east": {"uv": [67, 28], "uv_size": [2, 12]},
								"south": {"uv": [67, 60], "uv_size": [2, 12]},
								"west": {"uv": [52, 60], "uv_size": [2, 12]},
								"up": {"uv": [66, 0], "uv_size": [2, 2]},
								"down": {"uv": [68, 2], "uv_size": [2, -2]}
							}
						},
						{
							"origin": [-8, 14, -8],
							"size": [16, 2, 2],
							"uv": {
								"north": {"uv": [52, 26], "uv_size": [17, 2]},
								"east": {"uv": [67, 26], "uv_size": [2, 2]},
								"south": {"uv": [52, 58], "uv_size": [17, 2]},
								"west": {"uv": [52, 26], "uv_size": [2, 2]},
								"up": {"uv": [52, 40], "uv_size": [17, 2]},
								"down": {"uv": [52, 74], "uv_size": [17, -2]}
							}
						},
						{
							"origin": [-8, 14, 6],
							"size": [16, 2, 2],
							"uv": {
								"north": {"uv": [53, 58], "uv_size": [17, 2]},
								"east": {"uv": [52, 26], "uv_size": [2, 2]},
								"south": {"uv": [52, 26], "uv_size": [17, 2]},
								"west": {"uv": [67, 26], "uv_size": [2, 2]},
								"up": {"uv": [52, 26], "uv_size": [17, 2]},
								"down": {"uv": [52, 60], "uv_size": [17, -2]}
							}
						},
						{
							"origin": [-8, 14, -6],
							"size": [2, 2, 12],
							"uv": {
								"north": {"uv": [64, 0], "uv_size": [2, 2]},
								"east": {"uv": [54, 26], "uv_size": [13, 2]},
								"south": {"uv": [62, 0], "uv_size": [2, 2]},
								"west": {"uv": [55, 58], "uv_size": [12, 2]},
								"up": {"uv": [52, 28], "uv_size": [2, 12]},
								"down": {"uv": [52, 40], "uv_size": [2, -12]}
							}
						}
					]
				},
				{
					"name": "bone",
					"pivot": [0, 8, 0],
					"cubes": [
						{"origin": [-4, 4, -4], "size": [8, 8, 8], "uv": [0, 14]}
					]
				}
			]
		}
	]
}