{
	"texture_size": [32, 32],
	"textures": {
		"0": "create_new_age:block/heat_pump",
		"particle": "create_new_age:block/heat_pump"
	},
	"elements": [
		{
			"from": [4, 4, 4],
			"to": [12, 12, 12],
			"faces": {
				"north": {"uv": [0, 0, 4, 4], "texture": "#0"},
				"east": {"uv": [0, 0, 4, 4], "texture": "#0"},
				"south": {"uv": [0, 0, 4, 4], "texture": "#0"},
				"west": {"uv": [0, 0, 4, 4], "texture": "#0"},
				"up": {"uv": [4, 0, 8, 4], "texture": "#0"},
				"down": {"uv": [4, 0, 8, 4], "rotation": 180, "texture": "#0"}
			}
		},
		{
			"from": [3, 3, 0],
			"to": [13, 13, 4],
			"faces": {
				"north": {"uv": [0, 4, 5, 9], "texture": "#0"},
				"east": {"uv": [5, 4, 7, 9], "rotation": 180, "texture": "#0"},
				"south": {"uv": [0, 4, 5, 9], "texture": "#0"},
				"west": {"uv": [5, 4, 7, 9], "texture": "#0"},
				"up": {"uv": [5, 4, 7, 9], "rotation": 90, "texture": "#0"},
				"down": {"uv": [5, 4, 7, 9], "rotation": 270, "texture": "#0"}
			}
		},
		{
			"from": [5, 11, 0],
			"to": [7, 13, 4],
			"rotation": {"angle": -22.5, "axis": "x", "origin": [8, 13, 0]},
			"faces": {
				"east": {"uv": [7, 4, 8, 6], "rotation": 270, "texture": "#0"},
				"south": {"uv": [7, 4, 8, 5], "texture": "#0"},
				"west": {"uv": [7, 4, 8, 6], "rotation": 90, "texture": "#0"},
				"up": {"uv": [7, 4, 8, 6], "rotation": 180, "texture": "#0"},
				"down": {"uv": [7, 4, 8, 6], "texture": "#0"}
			}
		},
		{
			"from": [9, 11, 0],
			"to": [11, 13, 4],
			"rotation": {"angle": -22.5, "axis": "x", "origin": [8, 13, 0]},
			"faces": {
				"east": {"uv": [7, 4, 8, 6], "rotation": 270, "texture": "#0"},
				"south": {"uv": [7, 4, 8, 5], "texture": "#0"},
				"west": {"uv": [7, 4, 8, 6], "rotation": 90, "texture": "#0"},
				"up": {"uv": [7, 4, 8, 6], "rotation": 180, "texture": "#0"},
				"down": {"uv": [7, 4, 8, 6], "texture": "#0"}
			}
		},
		{
			"from": [5, 3, 0],
			"to": [7, 5, 4],
			"rotation": {"angle": 22.5, "axis": "x", "origin": [8, 3, 0]},
			"faces": {
				"east": {"uv": [7, 4, 8, 6], "rotation": 270, "texture": "#0"},
				"south": {"uv": [7, 4, 8, 5], "texture": "#0"},
				"west": {"uv": [7, 4, 8, 6], "rotation": 90, "texture": "#0"},
				"up": {"uv": [7, 4, 8, 6], "rotation": 180, "texture": "#0"},
				"down": {"uv": [7, 4, 8, 6], "texture": "#0"}
			}
		},
		{
			"from": [9, 3, 0],
			"to": [11, 5, 4],
			"rotation": {"angle": 22.5, "axis": "x", "origin": [8, 3, 0]},
			"faces": {
				"east": {"uv": [7, 4, 8, 6], "rotation": 270, "texture": "#0"},
				"south": {"uv": [7, 4, 8, 5], "texture": "#0"},
				"west": {"uv": [7, 4, 8, 6], "rotation": 90, "texture": "#0"},
				"up": {"uv": [7, 4, 8, 6], "rotation": 180, "texture": "#0"},
				"down": {"uv": [7, 4, 8, 6], "texture": "#0"}
			}
		}
	],
	"display": {
		"thirdperson_righthand": {
			"rotation": [75, 45, 0],
			"translation": [0, 2.5, 0],
			"scale": [0.375, 0.375, 0.375]
		},
		"thirdperson_lefthand": {
			"rotation": [75, 45, 0],
			"translation": [0, 2.5, 0],
			"scale": [0.375, 0.375, 0.375]
		},
		"firstperson_righthand": {
			"rotation": [0, 45, 0],
			"scale": [0.4, 0.4, 0.4]
		},
		"firstperson_lefthand": {
			"rotation": [0, 225, 0],
			"scale": [0.4, 0.4, 0.4]
		},
		"ground": {
			"translation": [0, 3, 0],
			"scale": [0.25, 0.25, 0.25]
		},
		"gui": {
			"rotation": [30, 225, 0],
			"scale": [0.625, 0.625, 0.625]
		},
		"fixed": {
			"scale": [0.5, 0.5, 0.5]
		}
	},
	"groups": [
		0,
		1,
		{
			"name": "exchangers_top",
			"origin": [8, 8, 8],
			"color": 0,
			"children": [2, 3]
		},
		{
			"name": "exchangers_bottom",
			"origin": [8, 8, 8],
			"color": 0,
			"children": [4, 5]
		}
	]
}