{
	"textures": {
		"0": "create_new_age:block/electrical_connector",
		"particle": "create_new_age:block/electrical_connector"
	},
	"elements": [
		{
			"from": [4, 0, 4],
			"to": [12, 2, 12],
			"faces": {
				"north": {"uv": [6, 0, 14, 2], "texture": "#0"},
				"east": {"uv": [6, 0, 14, 2], "texture": "#0"},
				"south": {"uv": [6, 0, 14, 2], "texture": "#0"},
				"west": {"uv": [6, 0, 14, 2], "texture": "#0"},
				"up": {"uv": [6, 0, 14, 8], "texture": "#0"},
				"down": {"uv": [6, 0, 14, 8], "texture": "#0"}
			}
		},
		{
			"from": [5.5, 2, 5.5],
			"to": [10.5, 9, 10.5],
			"faces": {
				"north": {"uv": [0, 0, 5, 7], "texture": "#0"},
				"east": {"uv": [0, 0, 5, 7], "texture": "#0"},
				"south": {"uv": [0, 0, 5, 7], "texture": "#0"},
				"west": {"uv": [0, 0, 5, 7], "texture": "#0"},
				"up": {"uv": [0, 0, 5, 5], "texture": "#0"},
				"down": {"uv": [0, 0, 5, 5], "texture": "#0"}
			}
		},
		{
			"from": [6, 9, 6],
			"to": [10, 10, 10],
			"faces": {
				"north": {"uv": [6, 8, 10, 9], "texture": "#0"},
				"east": {"uv": [6, 8, 10, 9], "texture": "#0"},
				"south": {"uv": [6, 8, 10, 9], "texture": "#0"},
				"west": {"uv": [6, 8, 10, 9], "texture": "#0"},
				"up": {"uv": [6, 8, 10, 12], "texture": "#0"},
				"down": {"uv": [6, 8, 10, 12], "texture": "#0"}
			}
		},
		{
			"from": [10, 2, 7],
			"to": [12, 6, 9],
			"rotation": {"angle": 22.5, "axis": "z", "origin": [12, 2, 8]},
			"faces": {
				"north": {"uv": [14, 0, 16, 4], "texture": "#0"},
				"east": {"uv": [14, 0, 16, 4], "texture": "#0"},
				"south": {"uv": [14, 0, 16, 4], "texture": "#0"},
				"west": {"uv": [14, 0, 16, 4], "texture": "#0"},
				"up": {"uv": [14, 0, 16, 2], "rotation": 180, "texture": "#0"},
				"down": {"uv": [14, 0, 16, 2], "rotation": 180, "texture": "#0"}
			}
		},
		{
			"from": [4, 2, 7],
			"to": [6, 6, 9],
			"rotation": {"angle": -22.5, "axis": "z", "origin": [4, 2, 8]},
			"faces": {
				"north": {"uv": [14, 0, 16, 4], "texture": "#0"},
				"east": {"uv": [14, 0, 16, 4], "texture": "#0"},
				"south": {"uv": [14, 0, 16, 4], "texture": "#0"},
				"west": {"uv": [14, 0, 16, 4], "texture": "#0"},
				"up": {"uv": [14, 0, 16, 2], "rotation": 180, "texture": "#0"},
				"down": {"uv": [14, 0, 16, 2], "rotation": 180, "texture": "#0"}
			}
		},
		{
			"from": [7, 2, 10],
			"to": [9, 6, 12],
			"rotation": {"angle": -22.5, "axis": "x", "origin": [8, 2, 12]},
			"faces": {
				"north": {"uv": [14, 0, 16, 4], "texture": "#0"},
				"east": {"uv": [14, 0, 16, 4], "texture": "#0"},
				"south": {"uv": [14, 0, 16, 4], "texture": "#0"},
				"west": {"uv": [14, 0, 16, 4], "texture": "#0"},
				"up": {"uv": [14, 0, 16, 2], "rotation": 180, "texture": "#0"},
				"down": {"uv": [14, 0, 16, 2], "rotation": 180, "texture": "#0"}
			}
		},
		{
			"from": [7, 2, 4],
			"to": [9, 6, 6],
			"rotation": {"angle": 22.5, "axis": "x", "origin": [8, 2, 4]},
			"faces": {
				"north": {"uv": [14, 0, 16, 4], "texture": "#0"},
				"east": {"uv": [14, 0, 16, 4], "texture": "#0"},
				"south": {"uv": [14, 0, 16, 4], "texture": "#0"},
				"west": {"uv": [14, 0, 16, 4], "texture": "#0"},
				"up": {"uv": [14, 0, 16, 2], "rotation": 180, "texture": "#0"},
				"down": {"uv": [14, 0, 16, 2], "rotation": 180, "texture": "#0"}
			}
		},
		{
			"from": [5, 7, 5],
			"to": [11, 8, 11],
			"faces": {
				"north": {"uv": [7, 1, 13, 2], "texture": "#0"},
				"east": {"uv": [7, 1, 13, 2], "texture": "#0"},
				"south": {"uv": [7, 1, 13, 2], "texture": "#0"},
				"west": {"uv": [7, 1, 13, 2], "texture": "#0"},
				"up": {"uv": [7, 1, 13, 7], "texture": "#0"},
				"down": {"uv": [7, 1, 13, 7], "texture": "#0"}
			}
		},
		{
			"from": [5, 5, 5],
			"to": [11, 6, 11],
			"faces": {
				"north": {"uv": [7, 1, 13, 2], "texture": "#0"},
				"east": {"uv": [7, 1, 13, 2], "texture": "#0"},
				"south": {"uv": [7, 1, 13, 2], "texture": "#0"},
				"west": {"uv": [7, 1, 13, 2], "texture": "#0"},
				"up": {"uv": [7, 1, 13, 7], "texture": "#0"},
				"down": {"uv": [7, 1, 13, 7], "texture": "#0"}
			}
		},
		{
			"from": [5, -2, 5],
			"to": [11, 4, 11],
			"faces": {
				"north": {"uv": [0, 6, 6, 12], "texture": "#0"},
				"east": {"uv": [0, 6, 6, 12], "texture": "#0"},
				"south": {"uv": [0, 6, 6, 12], "texture": "#0"},
				"west": {"uv": [0, 6, 6, 12], "texture": "#0"},
				"up": {"uv": [0, 0, 6, 6], "texture": "#0"},
				"down": {"uv": [7, 1, 13, 7], "texture": "#0"}
			}
		}
	],
	"display": {
		"thirdperson_righthand": {
			"rotation": [75, 45, 0],
			"translation": [0, 2.5, 0],
			"scale": [0.375, 0.375, 0.375]
		},
		"thirdperson_lefthand": {
			"rotation": [75, 45, 0],
			"translation": [0, 2.5, 0],
			"scale": [0.375, 0.375, 0.375]
		},
		"firstperson_righthand": {
			"rotation": [0, 45, 0],
			"scale": [0.4, 0.4, 0.4]
		},
		"firstperson_lefthand": {
			"rotation": [0, 225, 0],
			"scale": [0.4, 0.4, 0.4]
		},
		"ground": {
			"translation": [0, 3, 0],
			"scale": [0.25, 0.25, 0.25]
		},
		"gui": {
			"rotation": [30, 225, 0],
			"scale": [0.625, 0.625, 0.625]
		},
		"fixed": {
			"scale": [0.5, 0.5, 0.5]
		}
	}
}