{
	"textures": {
		"0": "create_new_age:block/heat_pipe",
		"particle": "create_new_age:block/heat_pipe"
	},
	"elements": [
		{
			"from": [4, 5, 0],
			"to": [12, 11, 1],
			"faces": {
				"north": {"uv": [0, 8, 8, 14], "texture": "#0"},
				"east": {"uv": [0, 8, 1, 14], "texture": "#0"},
				"south": {"uv": [0, 8, 8, 14], "texture": "#0"},
				"west": {"uv": [0, 8, 1, 14], "texture": "#0"},
				"up": {"uv": [0, 8, 8, 9], "texture": "#0"},
				"down": {"uv": [0, 8, 8, 9], "texture": "#0"}
			}
		},
		{
			"from": [4.5, 6, 1],
			"to": [7.5, 10, 4],
			"faces": {
				"east": {"uv": [8, 8, 11, 12], "texture": "#0"},
				"west": {"uv": [8, 8, 11, 12], "rotation": 180, "texture": "#0"},
				"up": {"uv": [8, 8, 11, 11], "rotation": 270, "texture": "#0"},
				"down": {"uv": [8, 8, 11, 11], "rotation": 90, "texture": "#0"}
			}
		},
		{
			"from": [8.5, 6, 1],
			"to": [11.5, 10, 4],
			"faces": {
				"east": {"uv": [8, 8, 11, 12], "texture": "#0"},
				"west": {"uv": [8, 8, 11, 12], "rotation": 180, "texture": "#0"},
				"up": {"uv": [8, 8, 11, 11], "rotation": 270, "texture": "#0"},
				"down": {"uv": [8, 8, 11, 11], "rotation": 90, "texture": "#0"}
			}
		},
		{
			"from": [4, 5, 15],
			"to": [12, 11, 16],
			"rotation": {"angle": 0, "axis": "y", "origin": [8, 8, 13.5]},
			"faces": {
				"north": {"uv": [0, 8, 8, 14], "texture": "#0"},
				"east": {"uv": [0, 8, 1, 14], "texture": "#0"},
				"south": {"uv": [0, 8, 8, 14], "texture": "#0"},
				"west": {"uv": [0, 8, 1, 14], "texture": "#0"},
				"up": {"uv": [0, 8, 8, 9], "rotation": 180, "texture": "#0"},
				"down": {"uv": [0, 8, 8, 9], "rotation": 180, "texture": "#0"}
			}
		},
		{
			"from": [8.5, 6, 12],
			"to": [11.5, 10, 15],
			"rotation": {"angle": 0, "axis": "y", "origin": [8, 8, 13.5]},
			"faces": {
				"east": {"uv": [8, 8, 11, 12], "rotation": 180, "texture": "#0"},
				"west": {"uv": [8, 8, 11, 12], "texture": "#0"},
				"up": {"uv": [8, 8, 11, 11], "rotation": 90, "texture": "#0"},
				"down": {"uv": [8, 8, 11, 11], "rotation": 270, "texture": "#0"}
			}
		},
		{
			"from": [4.5, 6, 12],
			"to": [7.5, 10, 15],
			"rotation": {"angle": 0, "axis": "y", "origin": [8, 8, 13.5]},
			"faces": {
				"east": {"uv": [8, 8, 11, 12], "rotation": 180, "texture": "#0"},
				"west": {"uv": [8, 8, 11, 12], "texture": "#0"},
				"up": {"uv": [8, 8, 11, 11], "rotation": 90, "texture": "#0"},
				"down": {"uv": [8, 8, 11, 11], "rotation": 270, "texture": "#0"}
			}
		},
		{
			"from": [4, 4, 4],
			"to": [12, 12, 12],
			"faces": {
				"north": {"uv": [0, 0, 8, 8], "texture": "#0"},
				"east": {"uv": [0, 0, 8, 8], "texture": "#0"},
				"south": {"uv": [0, 0, 8, 8], "texture": "#0"},
				"west": {"uv": [0, 0, 8, 8], "texture": "#0"},
				"up": {"uv": [8, 0, 16, 8], "texture": "#0"},
				"down": {"uv": [8, 0, 16, 8], "texture": "#0"}
			}
		}
	],
	"display": {
		"thirdperson_righthand": {
			"rotation": [75, 45, 0],
			"translation": [0, 2.5, 0],
			"scale": [0.375, 0.375, 0.375]
		},
		"thirdperson_lefthand": {
			"rotation": [75, 45, 0],
			"translation": [0, 2.5, 0],
			"scale": [0.375, 0.375, 0.375]
		},
		"firstperson_righthand": {
			"rotation": [0, 45, 0],
			"scale": [0.4, 0.4, 0.4]
		},
		"firstperson_lefthand": {
			"rotation": [0, 225, 0],
			"scale": [0.4, 0.4, 0.4]
		},
		"ground": {
			"translation": [0, 3, 0],
			"scale": [0.25, 0.25, 0.25]
		},
		"gui": {
			"rotation": [30, 225, 0],
			"scale": [0.625, 0.625, 0.625]
		},
		"fixed": {
			"scale": [0.5, 0.5, 0.5]
		}
	},
	"groups": [
		{
			"name": "side",
			"origin": [0, 0, 0],
			"color": 0,
			"children": [0, 1, 2]
		},
		{
			"name": "side2",
			"origin": [0, 0, 0],
			"color": 0,
			"children": [3, 4, 5]
		},
		{
			"name": "center",
			"origin": [8, 8, 8],
			"color": 0,
			"children": [6]
		}
	]
}