{
	"texture_size": [32, 32],
	"textures": {
		"0": "create_new_age:block/carbon_brushes",
		"particle": "create_new_age:block/carbon_brushes"
	},
	"elements": [
		{
			"from": [2, 2, 13],
			"to": [14, 14, 15],
			"faces": {
				"north": {"uv": [8, 0, 14, 6], "texture": "#0"},
				"east": {"uv": [8, 0, 9, 6], "texture": "#0"},
				"south": {"uv": [8, 0, 14, 6], "texture": "#0"},
				"west": {"uv": [8, 0, 9, 6], "texture": "#0"}
			}
		},
		{
			"from": [2, 2, 1],
			"to": [14, 14, 3],
			"faces": {
				"north": {"uv": [8, 0, 14, 6], "texture": "#0"},
				"east": {"uv": [8, 0, 9, 6], "texture": "#0"},
				"south": {"uv": [8, 0, 14, 6], "texture": "#0"},
				"west": {"uv": [8, 0, 9, 6], "texture": "#0"}
			}
		},
		{
			"from": [0, 0, 0],
			"to": [16, 2, 16],
			"faces": {
				"north": {"uv": [0, 7, 8, 8], "texture": "#0"},
				"east": {"uv": [7, 0, 8, 8], "rotation": 90, "texture": "#0"},
				"south": {"uv": [0, 7, 8, 8], "texture": "#0"},
				"west": {"uv": [7, 0, 8, 8], "rotation": 90, "texture": "#0"},
				"up": {"uv": [0, 0, 8, 8], "texture": "#0"},
				"down": {"uv": [0, 0, 8, 8], "texture": "#0"}
			}
		},
		{
			"from": [0, 14, 0],
			"to": [16, 16, 16],
			"faces": {
				"north": {"uv": [0, 0, 8, 1], "texture": "#0"},
				"east": {"uv": [0, 0, 1, 8], "rotation": 90, "texture": "#0"},
				"south": {"uv": [0, 0, 8, 1], "texture": "#0"},
				"west": {"uv": [0, 0, 1, 8], "rotation": 90, "texture": "#0"},
				"up": {"uv": [0, 0, 8, 8], "texture": "#0"},
				"down": {"uv": [0, 0, 8, 8], "texture": "#0"}
			}
		},
		{
			"name": "brush",
			"from": [1, 2, 6],
			"to": [3, 8, 10],
			"rotation": {"angle": -45, "axis": "z", "origin": [1, 2, 8]},
			"faces": {
				"north": {"uv": [5, 8, 6, 11], "texture": "#0"},
				"east": {"uv": [5, 8, 7, 11], "texture": "#0"},
				"south": {"uv": [5, 8, 6, 11], "texture": "#0"},
				"west": {"uv": [5, 8, 7, 11], "texture": "#0"},
				"up": {"uv": [5, 8, 6, 10], "texture": "#0"},
				"down": {"uv": [5, 8, 6, 10], "texture": "#0"}
			}
		},
		{
			"name": "brush",
			"from": [13, 2, 6],
			"to": [15, 8, 10],
			"rotation": {"angle": 45, "axis": "z", "origin": [15, 2, 8]},
			"faces": {
				"north": {"uv": [5, 8, 6, 11], "texture": "#0"},
				"east": {"uv": [5, 8, 7, 11], "texture": "#0"},
				"south": {"uv": [5, 8, 6, 11], "texture": "#0"},
				"west": {"uv": [5, 8, 7, 11], "texture": "#0"},
				"up": {"uv": [5, 8, 6, 10], "texture": "#0"},
				"down": {"uv": [5, 8, 6, 10], "texture": "#0"}
			}
		},
		{
			"name": "coil",
			"from": [5, 5, 3],
			"to": [11, 11, 13],
			"rotation": {"angle": -45, "axis": "z", "origin": [8, 8, 8]},
			"faces": {
				"north": {"uv": [0, 8, 3, 11], "texture": "#0"},
				"east": {"uv": [0, 8, 5, 11], "texture": "#0"},
				"south": {"uv": [0, 8, 3, 11], "texture": "#0"},
				"west": {"uv": [0, 8, 5, 11], "texture": "#0"},
				"up": {"uv": [0, 8, 5, 11], "rotation": 90, "texture": "#0"},
				"down": {"uv": [0, 8, 5, 11], "rotation": 270, "texture": "#0"}
			}
		}
	],
	"display": {
		"thirdperson_righthand": {
			"rotation": [75, 45, 0],
			"translation": [0, 2.5, 0],
			"scale": [0.375, 0.375, 0.375]
		},
		"thirdperson_lefthand": {
			"rotation": [75, 45, 0],
			"translation": [0, 2.5, 0],
			"scale": [0.375, 0.375, 0.375]
		},
		"firstperson_righthand": {
			"rotation": [0, 45, 0],
			"scale": [0.4, 0.4, 0.4]
		},
		"firstperson_lefthand": {
			"rotation": [0, 225, 0],
			"scale": [0.4, 0.4, 0.4]
		},
		"ground": {
			"translation": [0, 3, 0],
			"scale": [0.25, 0.25, 0.25]
		},
		"gui": {
			"rotation": [30, 225, 0],
			"scale": [0.625, 0.625, 0.625]
		},
		"fixed": {
			"scale": [0.5, 0.5, 0.5]
		}
	},
	"groups": [
		{
			"name": "Frame",
			"origin": [8, 8, 8],
			"color": 0,
			"children": [0, 1, 2, 3, 4, 5]
		},
		{
			"name": "Coil",
			"origin": [8, 8, 8],
			"color": 0,
			"children": [6]
		}
	]
}