{
	"texture_size": [48, 48],
	"textures": {
		"0": "create_new_age:block/solar/solar_1",
		"particle": "create_new_age:block/solar/solar_1"
	},
	"elements": [
		{
			"from": [1, 0, 1],
			"to": [15, 8, 15],
			"faces": {
				"north": {"uv": [0, 4.66667, 4.66667, 7.33333], "texture": "#0"},
				"east": {"uv": [0, 4.66667, 4.66667, 7.33333], "texture": "#0"},
				"south": {"uv": [0, 4.66667, 4.66667, 7.33333], "texture": "#0"},
				"west": {"uv": [0, 4.66667, 4.66667, 7.33333], "texture": "#0"},
				"up": {"uv": [9.33333, 4.66667, 4.66667, 0], "texture": "#0"},
				"down": {"uv": [4.66667, 0, 0, 4.66667], "texture": "#0"}
			}
		},
		{
			"name": "glass1",
			"from": [2, 16, 2],
			"to": [14, 18, 14],
			"faces": {
				"north": {"uv": [9.33333, 0, 13.33333, 0.66667], "texture": "#0"},
				"east": {"uv": [9.33333, 0, 13.33333, 0.66667], "texture": "#0"},
				"south": {"uv": [9.33333, 0, 13.33333, 0.66667], "texture": "#0"},
				"west": {"uv": [9.33333, 0, 13.33333, 0.66667], "texture": "#0"},
				"up": {"uv": [9.33333, 0, 13.33333, 4], "texture": "#0"},
				"down": {"uv": [9.33333, 0, 13.33333, 4], "texture": "#0"}
			}
		},
		{
			"name": "glass2",
			"from": [3, 12, 3],
			"to": [13, 14, 13],
			"faces": {
				"north": {"uv": [9.33333, 4, 12.66667, 4.66667], "texture": "#0"},
				"east": {"uv": [9.33333, 4, 12.66667, 4.66667], "texture": "#0"},
				"south": {"uv": [9.33333, 4, 12.66667, 4.66667], "texture": "#0"},
				"west": {"uv": [9.33333, 4, 12.66667, 4.66667], "texture": "#0"},
				"up": {"uv": [9.33333, 4, 12.66667, 7.33333], "texture": "#0"},
				"down": {"uv": [9.33333, 4, 12.66667, 7.33333], "texture": "#0"}
			}
		},
		{
			"name": "glass3",
			"from": [4, 8, 4],
			"to": [12, 10, 12],
			"faces": {
				"north": {"uv": [9.33333, 7.33333, 12, 8], "texture": "#0"},
				"east": {"uv": [9.33333, 7.33333, 12, 8], "texture": "#0"},
				"south": {"uv": [9.33333, 7.33333, 12, 8], "texture": "#0"},
				"west": {"uv": [9.33333, 7.33333, 12, 8], "texture": "#0"},
				"up": {"uv": [9.33333, 7.33333, 12, 10], "texture": "#0"},
				"down": {"uv": [9.33333, 7.33333, 12, 10], "texture": "#0"}
			}
		},
		{
			"from": [1, 8, 5],
			"to": [3, 19, 11],
			"rotation": {"angle": 0, "axis": "y", "origin": [8, 8, 8]},
			"faces": {
				"north": {"uv": [6.66667, 4.66667, 7.33333, 8.33333], "texture": "#0"},
				"east": {"uv": [4.66667, 4.66667, 6.66667, 8.33333], "texture": "#0"},
				"south": {"uv": [6.66667, 4.66667, 7.33333, 8.33333], "texture": "#0"},
				"west": {"uv": [4.66667, 4.66667, 6.66667, 8.33333], "texture": "#0"},
				"up": {"uv": [1.33333, 0.66667, 3.33333, 1.33333], "rotation": 270, "texture": "#0"}
			}
		},
		{
			"from": [13, 8, 5],
			"to": [15, 19, 11],
			"rotation": {"angle": 0, "axis": "y", "origin": [8, 8, 8]},
			"faces": {
				"north": {"uv": [6.66667, 4.66667, 7.33333, 8.33333], "texture": "#0"},
				"east": {"uv": [4.66667, 4.66667, 6.66667, 8.33333], "texture": "#0"},
				"south": {"uv": [6.66667, 4.66667, 7.33333, 8.33333], "texture": "#0"},
				"west": {"uv": [4.66667, 4.66667, 6.66667, 8.33333], "texture": "#0"},
				"up": {"uv": [1.33333, 0.66667, 3.33333, 1.33333], "rotation": 90, "texture": "#0"}
			}
		},
		{
			"from": [4, 4, 0],
			"to": [12, 11.99, 1],
			"rotation": {"angle": 0, "axis": "y", "origin": [8, 8, 8]},
			"faces": {
				"north": {"uv": [0, 7.33333, 2.66667, 9.99667], "texture": "#0"},
				"east": {"uv": [0, 7.33333, 0.33333, 9.99667], "texture": "#0"},
				"south": {"uv": [0, 7.33333, 2.66667, 9.99667], "texture": "#0"},
				"west": {"uv": [0, 7.33333, 0.33333, 9.99667], "texture": "#0"},
				"up": {"uv": [0, 7.33333, 2.66667, 7.66667], "texture": "#0"},
				"down": {"uv": [0, 7.33333, 2.66667, 7.66667], "texture": "#0"}
			}
		},
		{
			"from": [15, 4, 4],
			"to": [16, 11.99, 12],
			"rotation": {"angle": 0, "axis": "y", "origin": [8, 8, 8]},
			"faces": {
				"north": {"uv": [0, 7.33333, 0.33333, 9.99667], "texture": "#0"},
				"east": {"uv": [0, 7.33333, 2.66667, 9.99667], "texture": "#0"},
				"south": {"uv": [0, 7.33333, 0.33333, 9.99667], "texture": "#0"},
				"west": {"uv": [0, 7.33333, 2.66667, 9.99667], "texture": "#0"},
				"up": {"uv": [0, 7.33333, 2.66667, 7.66667], "rotation": 90, "texture": "#0"},
				"down": {"uv": [0, 7.33333, 2.66667, 7.66667], "rotation": 90, "texture": "#0"}
			}
		},
		{
			"from": [4, 4, 15],
			"to": [12, 11.99, 16],
			"rotation": {"angle": 0, "axis": "y", "origin": [8, 8, 8]},
			"faces": {
				"north": {"uv": [0, 7.33333, 2.66667, 9.99667], "texture": "#0"},
				"east": {"uv": [0, 7.33333, 0.33333, 9.99667], "texture": "#0"},
				"south": {"uv": [0, 7.33333, 2.66667, 9.99667], "texture": "#0"},
				"west": {"uv": [0, 7.33333, 0.33333, 9.99667], "texture": "#0"},
				"up": {"uv": [0, 7.33333, 2.66667, 7.66667], "texture": "#0"},
				"down": {"uv": [0, 7.33333, 2.66667, 7.66667], "texture": "#0"}
			}
		},
		{
			"from": [0, 4, 4],
			"to": [1, 11.99, 12],
			"rotation": {"angle": 0, "axis": "y", "origin": [8, 8, 8]},
			"faces": {
				"north": {"uv": [0, 7.33333, 0.33333, 9.99667], "texture": "#0"},
				"east": {"uv": [0, 7.33333, 2.66667, 9.99667], "texture": "#0"},
				"south": {"uv": [0, 7.33333, 0.33333, 9.99667], "texture": "#0"},
				"west": {"uv": [0, 7.33333, 2.66667, 9.99667], "texture": "#0"},
				"up": {"uv": [0, 7.33333, 2.66667, 7.66667], "rotation": 90, "texture": "#0"},
				"down": {"uv": [0, 7.33333, 2.66667, 7.66667], "rotation": 90, "texture": "#0"}
			}
		},
		{
			"from": [5, 7, 1],
			"to": [11, 11, 2],
			"rotation": {"angle": -22.5, "axis": "x", "origin": [8, 8, 3]},
			"faces": {
				"north": {"uv": [6, 0, 8, 1.33333], "texture": "#0"},
				"east": {"uv": [6, 0, 6.33333, 1.33333], "texture": "#0"},
				"south": {"uv": [6, 0, 8, 1.33333], "texture": "#0"},
				"west": {"uv": [6, 0, 6.33333, 1.33333], "texture": "#0"},
				"up": {"uv": [6, 0, 8, 0.33333], "texture": "#0"},
				"down": {"uv": [6, 0, 8, 0.33333], "texture": "#0"}
			}
		},
		{
			"from": [5, 7, 14],
			"to": [11, 11, 15],
			"rotation": {"angle": 22.5, "axis": "x", "origin": [8, 8, 13]},
			"faces": {
				"north": {"uv": [6, 0, 8, 1.33333], "texture": "#0"},
				"east": {"uv": [6, 0, 6.33333, 1.33333], "texture": "#0"},
				"south": {"uv": [6, 0, 8, 1.33333], "texture": "#0"},
				"west": {"uv": [6, 0, 6.33333, 1.33333], "texture": "#0"},
				"up": {"uv": [6, 0, 8, 0.33333], "rotation": 180, "texture": "#0"},
				"down": {"uv": [6, 0, 8, 0.33333], "rotation": 180, "texture": "#0"}
			}
		}
	],
	"display": {
		"thirdperson_righthand": {
			"rotation": [75, 45, 0],
			"translation": [0, 2.5, 0],
			"scale": [0.375, 0.375, 0.375]
		},
		"thirdperson_lefthand": {
			"rotation": [75, 45, 0],
			"translation": [0, 2.5, 0],
			"scale": [0.375, 0.375, 0.375]
		},
		"firstperson_righthand": {
			"rotation": [0, 45, 0],
			"scale": [0.4, 0.4, 0.4]
		},
		"firstperson_lefthand": {
			"rotation": [0, 225, 0],
			"scale": [0.4, 0.4, 0.4]
		},
		"ground": {
			"translation": [0, 3, 0],
			"scale": [0.25, 0.25, 0.25]
		},
		"gui": {
			"rotation": [30, 225, 0],
			"scale": [0.625, 0.625, 0.625]
		},
		"fixed": {
			"scale": [0.5, 0.5, 0.5]
		}
	},
	"groups": [
		0,
		1,
		2,
		3,
		{
			"name": "brackets",
			"origin": [8, 8, 8],
			"color": 0,
			"children": [4, 5]
		},
		{
			"name": "heat_ports",
			"origin": [0, 0, 0],
			"color": 0,
			"children": [6, 7, 8, 9, 10, 11]
		}
	]
}