{
	"texture_size": [32, 32],
	"textures": {
		"0": "create_new_age:block/solar/solar_0",
		"particle": "create_new_age:block/solar/solar_0"
	},
	"elements": [
		{
			"from": [1, 0, 1],
			"to": [15, 8, 15],
			"faces": {
				"north": {"uv": [0, 7.5, 7, 11], "texture": "#0"},
				"east": {"uv": [0, 7.5, 7, 11], "texture": "#0"},
				"south": {"uv": [0, 7.5, 7, 11], "texture": "#0"},
				"west": {"uv": [0, 7.5, 7, 11], "texture": "#0"},
				"up": {"uv": [14, 7, 7, 0], "texture": "#0"},
				"down": {"uv": [7, 0, 0, 7], "texture": "#0"}
			}
		},
		{
			"name": "glass1",
			"from": [2, 13, 2],
			"to": [14, 15, 14],
			"faces": {
				"north": {"uv": [8, 7, 14, 8], "texture": "#0"},
				"east": {"uv": [8, 7, 14, 8], "texture": "#0"},
				"south": {"uv": [8, 7, 14, 8], "texture": "#0"},
				"west": {"uv": [8, 7, 14, 8], "texture": "#0"},
				"up": {"uv": [8, 7, 14, 13], "texture": "#0"},
				"down": {"uv": [8, 7, 14, 13], "texture": "#0"}
			}
		},
		{
			"name": "glass2",
			"from": [4, 8, 4],
			"to": [12, 10, 12],
			"faces": {
				"north": {"uv": [4, 11, 8, 12], "texture": "#0"},
				"east": {"uv": [4, 11, 8, 12], "texture": "#0"},
				"south": {"uv": [4, 11, 8, 12], "texture": "#0"},
				"west": {"uv": [4, 11, 8, 12], "texture": "#0"},
				"up": {"uv": [4, 11, 8, 15], "texture": "#0"},
				"down": {"uv": [4, 11, 8, 15], "texture": "#0"}
			}
		},
		{
			"from": [1, 8, 5],
			"to": [3, 16, 11],
			"rotation": {"angle": 0, "axis": "y", "origin": [8, 8, 8]},
			"faces": {
				"north": {"uv": [2, 7, 3, 11], "texture": "#0"},
				"east": {"uv": [2, 7, 5, 11], "texture": "#0"},
				"south": {"uv": [2, 7, 3, 11], "texture": "#0"},
				"west": {"uv": [2, 7, 5, 11], "texture": "#0"},
				"up": {"uv": [2, 7, 5, 8], "rotation": 270, "texture": "#0"},
				"down": {"uv": [2, 7, 5, 8], "rotation": 90, "texture": "#0"}
			}
		},
		{
			"from": [5, 8, 1],
			"to": [11, 16, 3],
			"rotation": {"angle": 0, "axis": "y", "origin": [8, 8, 8]},
			"faces": {
				"north": {"uv": [2, 7, 5, 11], "texture": "#0"},
				"east": {"uv": [2, 7, 3, 11], "texture": "#0"},
				"south": {"uv": [2, 7, 5, 11], "texture": "#0"},
				"west": {"uv": [2, 7, 3, 11], "texture": "#0"},
				"up": {"uv": [2, 7, 5, 8], "texture": "#0"},
				"down": {"uv": [2, 7, 5, 8], "texture": "#0"}
			}
		},
		{
			"from": [13, 8, 5],
			"to": [15, 16, 11],
			"rotation": {"angle": 0, "axis": "y", "origin": [8, 8, 8]},
			"faces": {
				"north": {"uv": [2, 7, 3, 11], "texture": "#0"},
				"east": {"uv": [2, 7, 5, 11], "texture": "#0"},
				"south": {"uv": [2, 7, 3, 11], "texture": "#0"},
				"west": {"uv": [2, 7, 5, 11], "texture": "#0"},
				"up": {"uv": [2, 7, 5, 8], "rotation": 90, "texture": "#0"},
				"down": {"uv": [2, 7, 5, 8], "rotation": 270, "texture": "#0"}
			}
		},
		{
			"from": [5, 8, 13],
			"to": [11, 16, 15],
			"rotation": {"angle": 0, "axis": "y", "origin": [8, 8, 8]},
			"faces": {
				"north": {"uv": [2, 7, 5, 11], "texture": "#0"},
				"east": {"uv": [2, 7, 3, 11], "texture": "#0"},
				"south": {"uv": [2, 7, 5, 11], "texture": "#0"},
				"west": {"uv": [2, 7, 3, 11], "texture": "#0"},
				"up": {"uv": [2, 7, 5, 8], "rotation": 180, "texture": "#0"},
				"down": {"uv": [2, 7, 5, 8], "rotation": 180, "texture": "#0"}
			}
		},
		{
			"from": [4, 4, 0],
			"to": [12, 11.99, 1],
			"rotation": {"angle": 0, "axis": "y", "origin": [8, 8, 8]},
			"faces": {
				"north": {"uv": [0, 11, 4, 14.995], "texture": "#0"},
				"east": {"uv": [0, 11, 0.5, 14.995], "texture": "#0"},
				"south": {"uv": [0, 11, 4, 14.995], "texture": "#0"},
				"west": {"uv": [0, 11, 0.5, 14.995], "texture": "#0"},
				"up": {"uv": [0, 11, 4, 11.5], "texture": "#0"},
				"down": {"uv": [0, 11, 4, 11.5], "texture": "#0"}
			}
		},
		{
			"from": [15, 4, 4],
			"to": [16, 11.99, 12],
			"rotation": {"angle": 0, "axis": "y", "origin": [8, 8, 8]},
			"faces": {
				"north": {"uv": [0, 11, 0.5, 14.995], "texture": "#0"},
				"east": {"uv": [0, 11, 4, 14.995], "texture": "#0"},
				"south": {"uv": [0, 11, 0.5, 14.995], "texture": "#0"},
				"west": {"uv": [0, 11, 4, 14.995], "texture": "#0"},
				"up": {"uv": [0, 11, 4, 11.5], "rotation": 90, "texture": "#0"},
				"down": {"uv": [0, 11, 4, 11.5], "rotation": 90, "texture": "#0"}
			}
		},
		{
			"from": [4, 4, 15],
			"to": [12, 11.99, 16],
			"rotation": {"angle": 0, "axis": "y", "origin": [8, 8, 8]},
			"faces": {
				"north": {"uv": [0, 11, 4, 14.995], "texture": "#0"},
				"east": {"uv": [0, 11, 0.5, 14.995], "texture": "#0"},
				"south": {"uv": [0, 11, 4, 14.995], "texture": "#0"},
				"west": {"uv": [0, 11, 0.5, 14.995], "texture": "#0"},
				"up": {"uv": [0, 11, 4, 11.5], "texture": "#0"},
				"down": {"uv": [0, 11, 4, 11.5], "texture": "#0"}
			}
		},
		{
			"from": [0, 4, 4],
			"to": [1, 11.99, 12],
			"rotation": {"angle": 0, "axis": "y", "origin": [8, 8, 8]},
			"faces": {
				"north": {"uv": [0, 11, 0.5, 14.995], "texture": "#0"},
				"east": {"uv": [0, 11, 4, 14.995], "texture": "#0"},
				"south": {"uv": [0, 11, 0.5, 14.995], "texture": "#0"},
				"west": {"uv": [0, 11, 4, 14.995], "texture": "#0"},
				"up": {"uv": [0, 11, 4, 11.5], "rotation": 90, "texture": "#0"},
				"down": {"uv": [0, 11, 4, 11.5], "rotation": 90, "texture": "#0"}
			}
		}
	],
	"display": {
		"thirdperson_righthand": {
			"rotation": [75, 45, 0],
			"translation": [0, 2.5, 0],
			"scale": [0.375, 0.375, 0.375]
		},
		"thirdperson_lefthand": {
			"rotation": [75, 45, 0],
			"translation": [0, 2.5, 0],
			"scale": [0.375, 0.375, 0.375]
		},
		"firstperson_righthand": {
			"rotation": [0, 45, 0],
			"scale": [0.4, 0.4, 0.4]
		},
		"firstperson_lefthand": {
			"rotation": [0, 225, 0],
			"scale": [0.4, 0.4, 0.4]
		},
		"ground": {
			"translation": [0, 3, 0],
			"scale": [0.25, 0.25, 0.25]
		},
		"gui": {
			"rotation": [30, 225, 0],
			"scale": [0.625, 0.625, 0.625]
		},
		"fixed": {
			"scale": [0.5, 0.5, 0.5]
		}
	},
	"groups": [
		0,
		1,
		2,
		{
			"name": "brackets",
			"origin": [8, 8, 8],
			"color": 0,
			"children": [3, 4, 5, 6]
		},
		{
			"name": "heat_ports",
			"origin": [0, 0, 0],
			"color": 0,
			"children": [7, 8, 9, 10]
		}
	]
}