{
	"texture_size": [32, 32],
	"textures": {
		"0": "create_new_age:block/reactor/acceptor",
		"particle": "create_new_age:block/reactor/acceptor"
	},
	"elements": [
		{
			"from": [2, 0, 2],
			"to": [14, 3, 14],
			"rotation": {"angle": 0, "axis": "y", "origin": [8, 8, 8.25]},
			"faces": {
				"north": {"uv": [7, 0, 1, 1.5], "rotation": 180, "texture": "#0"},
				"east": {"uv": [0, 1, 1.5, 7], "rotation": 270, "texture": "#0"},
				"south": {"uv": [7, 8, 1, 6.5], "texture": "#0"},
				"west": {"uv": [6.5, 1, 8, 7], "rotation": 90, "texture": "#0"},
				"down": {"uv": [8, 4, 14, 10], "texture": "#0"}
			}
		},
		{
			"from": [7, -2, 4],
			"to": [9, 0, 5],
			"rotation": {"angle": 0, "axis": "y", "origin": [8, 8, 8.25]},
			"faces": {
				"north": {"uv": [1.5, 0.5, 0.5, 1.5], "rotation": 180, "texture": "#0"},
				"east": {"uv": [0.5, 0.5, 1.5, 1], "rotation": 270, "texture": "#0"},
				"south": {"uv": [1.5, 1.5, 0.5, 0.5], "texture": "#0"},
				"west": {"uv": [0.5, 0.5, 1.5, 1], "rotation": 90, "texture": "#0"},
				"up": {"uv": [0.5, 0.5, 1.5, 1], "rotation": 180, "texture": "#0"},
				"down": {"uv": [0.5, 0.5, 1.5, 1], "texture": "#0"}
			}
		},
		{
			"from": [7, -2, 11],
			"to": [9, 0, 12],
			"rotation": {"angle": 0, "axis": "y", "origin": [8, 8, 8.25]},
			"faces": {
				"north": {"uv": [1.5, 0.5, 0.5, 1.5], "rotation": 180, "texture": "#0"},
				"east": {"uv": [0.5, 0.5, 1.5, 1], "rotation": 270, "texture": "#0"},
				"south": {"uv": [1.5, 1.5, 0.5, 0.5], "texture": "#0"},
				"west": {"uv": [0.5, 0.5, 1.5, 1], "rotation": 90, "texture": "#0"},
				"up": {"uv": [0.5, 0.5, 1.5, 1], "rotation": 180, "texture": "#0"},
				"down": {"uv": [0.5, 0.5, 1.5, 1], "texture": "#0"}
			}
		},
		{
			"from": [11, -2, 7],
			"to": [12, 0, 9],
			"rotation": {"angle": 0, "axis": "y", "origin": [8, 8, 8.25]},
			"faces": {
				"north": {"uv": [1.5, 0.5, 0.5, 1.5], "rotation": 180, "texture": "#0"},
				"east": {"uv": [0.5, 0.5, 1.5, 1], "rotation": 270, "texture": "#0"},
				"south": {"uv": [1.5, 1.5, 0.5, 0.5], "texture": "#0"},
				"west": {"uv": [0.5, 0.5, 1.5, 1], "rotation": 90, "texture": "#0"},
				"up": {"uv": [0.5, 0.5, 1.5, 1], "rotation": 180, "texture": "#0"},
				"down": {"uv": [0.5, 0.5, 1.5, 1], "texture": "#0"}
			}
		},
		{
			"from": [4, -2, 7],
			"to": [5, 0, 9],
			"rotation": {"angle": 0, "axis": "y", "origin": [8, 8, 8.25]},
			"faces": {
				"north": {"uv": [1.5, 0.5, 0.5, 1.5], "rotation": 180, "texture": "#0"},
				"east": {"uv": [0.5, 0.5, 1.5, 1], "rotation": 270, "texture": "#0"},
				"south": {"uv": [1.5, 1.5, 0.5, 0.5], "texture": "#0"},
				"west": {"uv": [0.5, 0.5, 1.5, 1], "rotation": 90, "texture": "#0"},
				"up": {"uv": [0.5, 0.5, 1.5, 1], "rotation": 180, "texture": "#0"},
				"down": {"uv": [0.5, 0.5, 1.5, 1], "texture": "#0"}
			}
		},
		{
			"from": [4, 16, 4],
			"to": [12, 17, 12],
			"rotation": {"angle": 0, "axis": "y", "origin": [8, 8, 8.25]},
			"faces": {
				"north": {"uv": [12, 0, 8, 0.5], "rotation": 180, "texture": "#0"},
				"east": {"uv": [8, 0, 8.5, 4], "rotation": 270, "texture": "#0"},
				"south": {"uv": [12, 0.5, 8, 0], "texture": "#0"},
				"west": {"uv": [8, 0, 8.5, 4], "rotation": 90, "texture": "#0"},
				"up": {"uv": [8, 0, 12, 4], "rotation": 180, "texture": "#0"}
			}
		},
		{
			"from": [0, 3, 0],
			"to": [16, 5, 16],
			"rotation": {"angle": 0, "axis": "y", "origin": [8, 8, 8.25]},
			"faces": {
				"north": {"uv": [8, 0.5, 0, 1.5], "rotation": 180, "texture": "#0"},
				"east": {"uv": [7, 0, 8, 8], "rotation": 270, "texture": "#0"},
				"south": {"uv": [8, 8, 0, 7], "texture": "#0"},
				"west": {"uv": [0, 0, 1, 8], "rotation": 90, "texture": "#0"},
				"up": {"uv": [0, 0, 8, 8], "rotation": 180, "texture": "#0"},
				"down": {"uv": [0, 0, 8, 8], "texture": "#0"}
			}
		},
		{
			"from": [0, 13, 0],
			"to": [16, 16, 16],
			"rotation": {"angle": 0, "axis": "y", "origin": [8, 8, 8.25]},
			"faces": {
				"north": {"uv": [8, 0, 0, 1.5], "rotation": 180, "texture": "#0"},
				"east": {"uv": [0, 0, 1.5, 8], "rotation": 270, "texture": "#0"},
				"south": {"uv": [8, 1.5, 0, 0], "texture": "#0"},
				"west": {"uv": [6.5, 0, 8, 8], "rotation": 90, "texture": "#0"},
				"up": {"uv": [0, 0, 8, 8], "rotation": 180, "texture": "#0"},
				"down": {"uv": [0, 0, 8, 8], "texture": "#0"}
			}
		},
		{
			"from": [1, 5, 1],
			"to": [15, 13, 15],
			"rotation": {"angle": 0, "axis": "y", "origin": [8, 8, 8.25]},
			"faces": {
				"north": {"uv": [0, 8, 7, 12], "texture": "#0"},
				"east": {"uv": [0, 8, 7, 12], "texture": "#0"},
				"south": {"uv": [7, 12, 0, 8], "rotation": 180, "texture": "#0"},
				"west": {"uv": [0, 8, 7, 12], "texture": "#0"}
			}
		}
	],
	"display": {
		"thirdperson_righthand": {
			"rotation": [75, 45, 0],
			"translation": [0, 2.5, 0],
			"scale": [0.375, 0.375, 0.375]
		},
		"thirdperson_lefthand": {
			"rotation": [75, 45, 0],
			"translation": [0, 2.5, 0],
			"scale": [0.375, 0.375, 0.375]
		},
		"firstperson_righthand": {
			"rotation": [0, 45, 0],
			"scale": [0.4, 0.4, 0.4]
		},
		"firstperson_lefthand": {
			"rotation": [0, 225, 0],
			"scale": [0.4, 0.4, 0.4]
		},
		"ground": {
			"translation": [0, 3, 0],
			"scale": [0.25, 0.25, 0.25]
		},
		"gui": {
			"rotation": [30, 225, 0],
			"scale": [0.625, 0.625, 0.625]
		},
		"fixed": {
			"scale": [0.5, 0.5, 0.5]
		}
	}
}