{
	"credit": "Made with Blockbench",
	"texture_size": [32, 32],
	"textures": {
		"2": "create_new_age:block/reactor/rod_on",
		"particle": "create_new_age:block/reactor/rod_on"
	},
	"elements": [
		{
			"from": [4.5, 14, 4.5],
			"to": [11.5, 16, 11.5],
			"rotation": {"angle": 0, "axis": "y", "origin": [8, 8, 8]},
			"faces": {
				"north": {"uv": [3, 3.5, 6.5, 4.5], "texture": "#2"},
				"east": {"uv": [3, 3.5, 6.5, 4.5], "texture": "#2"},
				"south": {"uv": [3, 3.5, 6.5, 4.5], "texture": "#2"},
				"west": {"uv": [3, 3.5, 6.5, 4.5], "texture": "#2"},
				"up": {"uv": [6.5, 0, 3, 3.5], "texture": "#2"},
				"down": {"uv": [6.5, 3.5, 3, 0], "texture": "#2"}
			}
		},
		{
			"from": [5, 1, 5],
			"to": [11, 15, 11],
			"rotation": {"angle": 0, "axis": "y", "origin": [8, 8, 8]},
			"faces": {
				"north": {"uv": [0, 0, 3, 7], "texture": "#2"},
				"east": {"uv": [0, 0, 3, 7], "texture": "#2"},
				"south": {"uv": [0, 0, 3, 7], "texture": "#2"},
				"west": {"uv": [0, 0, 3, 7], "texture": "#2"},
				"up": {"uv": [9, 8, 6, 11], "texture": "#2"},
				"down": {"uv": [6, 11, 3, 8], "texture": "#2"}
			}
		},
		{
			"from": [4.5, 0, 4.5],
			"to": [11.5, 2, 11.5],
			"rotation": {"angle": 0, "axis": "y", "origin": [8, 8, 8]},
			"faces": {
				"north": {"uv": [3, 4.5, 6.5, 3.5], "texture": "#2"},
				"east": {"uv": [3, 4.5, 6.5, 3.5], "texture": "#2"},
				"south": {"uv": [3, 4.5, 6.5, 3.5], "texture": "#2"},
				"west": {"uv": [3, 4.5, 6.5, 3.5], "texture": "#2"},
				"up": {"uv": [6.5, 0, 3, 3.5], "texture": "#2"},
				"down": {"uv": [6.5, 3.5, 3, 0], "texture": "#2"}
			}
		}
	]
}