{
	"texture_size": [32, 32],
	"textures": {
		"0": "create_new_age:block/reactor/vent",
		"1": "create_new_age:block/reactor/vent_steel",
		"particle": "create_new_age:block/reactor/vent"
	},
	"elements": [
		{
			"name": "base",
			"from": [0.5, 6, 0.5],
			"to": [15.5, 7, 15.5],
			"rotation": {"angle": 0, "axis": "y", "origin": [8, 8, 8]},
			"faces": {
				"north": {"uv": [0, 0.5, 7.5, 0], "rotation": 180, "texture": "#1"},
				"east": {"uv": [0, 0.5, 7.5, 0], "rotation": 180, "texture": "#1"},
				"south": {"uv": [0, 0.5, 7.5, 0], "rotation": 180, "texture": "#1"},
				"west": {"uv": [0, 0.5, 7.5, 0], "rotation": 180, "texture": "#1"},
				"up": {"uv": [0, 0, 7.5, 7.5], "rotation": 180, "texture": "#1"},
				"down": {"uv": [0, 0, 7.5, 7.5], "rotation": 180, "texture": "#1"}
			}
		},
		{
			"from": [1, 0, 11.5],
			"to": [15, 6, 12.5],
			"rotation": {"angle": 0, "axis": "y", "origin": [8, 8, 8]},
			"faces": {
				"north": {"uv": [7, 7.5, 0, 10.5], "rotation": 180, "texture": "#1"},
				"east": {"uv": [0, 7.5, 0.5, 10.5], "rotation": 180, "texture": "#1"},
				"south": {"uv": [7, 7.5, 0, 10.5], "rotation": 180, "texture": "#1"},
				"west": {"uv": [0.5, 7.5, 0, 10.5], "rotation": 180, "texture": "#1"},
				"down": {"uv": [7, 7.5, 0, 8], "rotation": 180, "texture": "#1"}
			}
		},
		{
			"from": [1, 0, 13.5],
			"to": [15, 6, 14.5],
			"rotation": {"angle": 0, "axis": "y", "origin": [8, 8, 8]},
			"faces": {
				"north": {"uv": [7, 7.5, 0, 10.5], "rotation": 180, "texture": "#1"},
				"east": {"uv": [0, 7.5, 0.5, 10.5], "rotation": 180, "texture": "#1"},
				"south": {"uv": [7, 7.5, 0, 10.5], "rotation": 180, "texture": "#1"},
				"west": {"uv": [0.5, 7.5, 0, 10.5], "rotation": 180, "texture": "#1"},
				"down": {"uv": [7, 7.5, 0, 8], "rotation": 180, "texture": "#1"}
			}
		},
		{
			"from": [1, 0, 9.5],
			"to": [15, 6, 10.5],
			"rotation": {"angle": 0, "axis": "y", "origin": [8, 8, 8]},
			"faces": {
				"north": {"uv": [7, 7.5, 0, 10.5], "rotation": 180, "texture": "#1"},
				"east": {"uv": [0, 7.5, 0.5, 10.5], "rotation": 180, "texture": "#1"},
				"south": {"uv": [7, 7.5, 0, 10.5], "rotation": 180, "texture": "#1"},
				"west": {"uv": [0.5, 7.5, 0, 10.5], "rotation": 180, "texture": "#1"},
				"down": {"uv": [7, 7.5, 0, 8], "rotation": 180, "texture": "#1"}
			}
		},
		{
			"from": [1, 0, 7.5],
			"to": [15, 6, 8.5],
			"rotation": {"angle": 0, "axis": "y", "origin": [8, 8, 8]},
			"faces": {
				"north": {"uv": [7, 7.5, 0, 10.5], "rotation": 180, "texture": "#1"},
				"east": {"uv": [0, 7.5, 0.5, 10.5], "rotation": 180, "texture": "#1"},
				"south": {"uv": [7, 7.5, 0, 10.5], "rotation": 180, "texture": "#1"},
				"west": {"uv": [0.5, 7.5, 0, 10.5], "rotation": 180, "texture": "#1"},
				"down": {"uv": [7, 7.5, 0, 8], "rotation": 180, "texture": "#1"}
			}
		},
		{
			"from": [1, 0, 5.5],
			"to": [15, 6, 6.5],
			"rotation": {"angle": 0, "axis": "y", "origin": [8, 8, 8]},
			"faces": {
				"north": {"uv": [7, 7.5, 0, 10.5], "rotation": 180, "texture": "#1"},
				"east": {"uv": [0, 7.5, 0.5, 10.5], "rotation": 180, "texture": "#1"},
				"south": {"uv": [7, 7.5, 0, 10.5], "rotation": 180, "texture": "#1"},
				"west": {"uv": [0.5, 7.5, 0, 10.5], "rotation": 180, "texture": "#1"},
				"down": {"uv": [7, 7.5, 0, 8], "rotation": 180, "texture": "#1"}
			}
		},
		{
			"from": [1, 0, 3.5],
			"to": [15, 6, 4.5],
			"rotation": {"angle": 0, "axis": "y", "origin": [8, 8, 8]},
			"faces": {
				"north": {"uv": [7, 7.5, 0, 10.5], "rotation": 180, "texture": "#1"},
				"east": {"uv": [0, 7.5, 0.5, 10.5], "rotation": 180, "texture": "#1"},
				"south": {"uv": [7, 7.5, 0, 10.5], "rotation": 180, "texture": "#1"},
				"west": {"uv": [0.5, 7.5, 0, 10.5], "rotation": 180, "texture": "#1"},
				"down": {"uv": [7, 7.5, 0, 8], "rotation": 180, "texture": "#1"}
			}
		},
		{
			"from": [1, 0, 1.5],
			"to": [15, 6, 2.5],
			"rotation": {"angle": 0, "axis": "y", "origin": [8, 8, 8]},
			"faces": {
				"north": {"uv": [7, 7.5, 0, 10.5], "rotation": 180, "texture": "#1"},
				"east": {"uv": [0, 7.5, 0.5, 10.5], "rotation": 180, "texture": "#1"},
				"south": {"uv": [7, 7.5, 0, 10.5], "rotation": 180, "texture": "#1"},
				"west": {"uv": [0.5, 7.5, 0, 10.5], "rotation": 180, "texture": "#1"},
				"down": {"uv": [7, 7.5, 0, 8], "rotation": 180, "texture": "#1"}
			}
		},
		{
			"from": [1, 7, 1],
			"to": [15, 12, 15],
			"faces": {
				"north": {"uv": [8, 0, 15, 2.5], "texture": "#0"},
				"east": {"uv": [8, 0, 15, 2.5], "texture": "#0"},
				"south": {"uv": [8, 0, 15, 2.5], "texture": "#0"},
				"west": {"uv": [8, 0, 15, 2.5], "texture": "#0"}
			}
		},
		{
			"from": [0, 12, 0],
			"to": [16, 16, 16],
			"faces": {
				"north": {"uv": [0, 8, 8, 10], "texture": "#0"},
				"east": {"uv": [0, 8, 8, 10], "texture": "#0"},
				"south": {"uv": [0, 8, 8, 10], "texture": "#0"},
				"west": {"uv": [0, 8, 8, 10], "texture": "#0"},
				"up": {"uv": [0, 0, 8, 8], "texture": "#0"},
				"down": {"uv": [0, 0, 8, 8], "texture": "#0"}
			}
		},
		{
			"from": [4, 6.1, 0],
			"to": [12, 12, 1],
			"rotation": {"angle": 0, "axis": "y", "origin": [8, 8, 8]},
			"faces": {
				"north": {"uv": [8, 2.5, 12, 5.45], "texture": "#0"},
				"east": {"uv": [8, 2.5, 8.5, 5.45], "texture": "#0"},
				"west": {"uv": [8, 2.5, 8.5, 5.45], "texture": "#0"},
				"up": {"uv": [8, 2.5, 12, 3], "texture": "#0"},
				"down": {"uv": [8, 2.5, 12, 3], "texture": "#0"}
			}
		},
		{
			"from": [0, 6.1, 4],
			"to": [1, 12, 12],
			"rotation": {"angle": 0, "axis": "y", "origin": [8, 8, 8]},
			"faces": {
				"north": {"uv": [8, 2.5, 8.5, 5.45], "texture": "#0"},
				"south": {"uv": [8, 2.5, 8.5, 5.45], "texture": "#0"},
				"west": {"uv": [8, 2.5, 12, 5.45], "texture": "#0"},
				"up": {"uv": [8, 2.5, 12, 3], "rotation": 270, "texture": "#0"},
				"down": {"uv": [8, 2.5, 12, 3], "rotation": 90, "texture": "#0"}
			}
		},
		{
			"from": [4, 6.1, 15],
			"to": [12, 12, 16],
			"rotation": {"angle": 0, "axis": "y", "origin": [8, 8, 8]},
			"faces": {
				"east": {"uv": [8, 2.5, 8.5, 5.45], "texture": "#0"},
				"south": {"uv": [8, 2.5, 12, 5.45], "texture": "#0"},
				"west": {"uv": [8, 2.5, 8.5, 5.45], "texture": "#0"},
				"up": {"uv": [8, 2.5, 12, 3], "rotation": 180, "texture": "#0"},
				"down": {"uv": [8, 2.5, 12, 3], "rotation": 180, "texture": "#0"}
			}
		},
		{
			"from": [15, 6.1, 4],
			"to": [16, 12, 12],
			"rotation": {"angle": 0, "axis": "y", "origin": [8, 8, 8]},
			"faces": {
				"north": {"uv": [8, 2.5, 8.5, 5.45], "texture": "#0"},
				"east": {"uv": [8, 2.5, 12, 5.45], "texture": "#0"},
				"south": {"uv": [8, 2.5, 8.5, 5.45], "texture": "#0"},
				"up": {"uv": [8, 2.5, 12, 3], "rotation": 90, "texture": "#0"},
				"down": {"uv": [8, 2.5, 12, 3], "rotation": 270, "texture": "#0"}
			}
		}
	],
	"display": {
		"thirdperson_righthand": {
			"rotation": [75, 45, 0],
			"translation": [0, 2.5, 0],
			"scale": [0.375, 0.375, 0.375]
		},
		"thirdperson_lefthand": {
			"rotation": [75, 45, 0],
			"translation": [0, 2.5, 0],
			"scale": [0.375, 0.375, 0.375]
		},
		"firstperson_righthand": {
			"rotation": [0, 45, 0],
			"scale": [0.4, 0.4, 0.4]
		},
		"firstperson_lefthand": {
			"rotation": [0, 225, 0],
			"scale": [0.4, 0.4, 0.4]
		},
		"ground": {
			"translation": [0, 3, 0],
			"scale": [0.25, 0.25, 0.25]
		},
		"gui": {
			"rotation": [30, 225, 0],
			"scale": [0.625, 0.625, 0.625]
		},
		"fixed": {
			"scale": [0.5, 0.5, 0.5]
		}
	},
	"groups": [
		{
			"name": "topsink",
			"origin": [8, 1, 8],
			"color": 0,
			"children": [0, 1, 2, 3, 4, 5, 6, 7]
		},
		8,
		9,
		10,
		11,
		12,
		13
	]
}