{
	"texture_size": [48, 48],
	"textures": {
		"0": "create_new_age:block/energiser",
		"particle": "create_new_age:block/energiser"
	},
	"elements": [
		{
			"name": "Side",
			"from": [14, 2, 0],
			"to": [16, 14, 16],
			"faces": {
				"north": {"uv": [10, 0.66667, 10.66667, 4.66667], "texture": "#0"},
				"east": {"uv": [5.33333, 0.66667, 10.66667, 4.66667], "texture": "#0"},
				"south": {"uv": [10, 0.66667, 10.66667, 4.66667], "texture": "#0"},
				"west": {"uv": [5.33333, 0.66667, 10.66667, 4.66667], "texture": "#0"},
				"down": {"uv": [0, 0, 0.66667, 5.33333], "texture": "#0"}
			}
		},
		{
			"name": "Side",
			"from": [0, 2, 0],
			"to": [2, 14, 16],
			"faces": {
				"north": {"uv": [5.33333, 0.66667, 6, 4.66667], "texture": "#0"},
				"east": {"uv": [5.33333, 0.66667, 10.66667, 4.66667], "texture": "#0"},
				"south": {"uv": [5.33333, 0.66667, 6, 4.66667], "texture": "#0"},
				"west": {"uv": [5.33333, 0.66667, 10.66667, 4.66667], "texture": "#0"},
				"down": {"uv": [0, 0, 0.66667, 5.33333], "texture": "#0"}
			}
		},
		{
			"name": "Core",
			"from": [2, 4, 0.95],
			"to": [14, 14, 15.05],
			"faces": {
				"north": {"uv": [0.66667, 11.33333, 4.66667, 14.66667], "texture": "#0"},
				"south": {"uv": [0.66667, 11.33333, 4.66667, 14.66667], "texture": "#0"},
				"down": {"uv": [10.66667, 0, 14.66667, 4.7], "texture": "#0"}
			}
		},
		{
			"name": "Top",
			"from": [0, 14, 0],
			"to": [16, 16, 16],
			"faces": {
				"north": {"uv": [0, 0, 5.33333, 0.66667], "texture": "#0"},
				"east": {"uv": [0, 0, 5.33333, 0.66667], "texture": "#0"},
				"south": {"uv": [0, 0, 5.33333, 0.66667], "texture": "#0"},
				"west": {"uv": [0, 0, 5.33333, 0.66667], "texture": "#0"},
				"up": {"uv": [0, 5.33333, 5.33333, 10.66667], "texture": "#0"},
				"down": {"uv": [0, 0, 5.33333, 5.33333], "texture": "#0"}
			}
		},
		{
			"from": [5.5, 1, 5.5],
			"to": [10.5, 4, 10.5],
			"rotation": {"angle": 0, "axis": "y", "origin": [8, 1, 8]},
			"faces": {
				"north": {"uv": [8, 5.33333, 9.66667, 6.33333], "texture": "#0"},
				"east": {"uv": [8, 5.33333, 9.66667, 6.33333], "texture": "#0"},
				"south": {"uv": [8, 5.33333, 9.66667, 6.33333], "texture": "#0"},
				"west": {"uv": [8, 5.33333, 9.66667, 6.33333], "texture": "#0"},
				"up": {"uv": [8, 4.66667, 9.66667, 6.33333], "texture": "#0"},
				"down": {"uv": [8, 4.66667, 9.66667, 6.33333], "texture": "#0"}
			}
		},
		{
			"from": [6.5, -3, 6.5],
			"to": [9.5, 4, 9.5],
			"rotation": {"angle": 0, "axis": "y", "origin": [8, -1, 8]},
			"faces": {
				"north": {"uv": [7, 4.66667, 8, 7], "texture": "#0"},
				"east": {"uv": [7, 4.66667, 8, 7], "texture": "#0"},
				"south": {"uv": [7, 4.66667, 8, 7], "texture": "#0"},
				"west": {"uv": [7, 4.66667, 8, 7], "texture": "#0"}
			}
		},
		{
			"from": [5.5, -6, 5.5],
			"to": [10.5, -3, 10.5],
			"rotation": {"angle": 45, "axis": "y", "origin": [8, -4.5, 8]},
			"faces": {
				"north": {"uv": [5.33333, 4.66667, 7, 5.66667], "texture": "#0"},
				"east": {"uv": [5.33333, 4.66667, 7, 5.66667], "texture": "#0"},
				"south": {"uv": [5.33333, 4.66667, 7, 5.66667], "texture": "#0"},
				"west": {"uv": [5.33333, 4.66667, 7, 5.66667], "texture": "#0"},
				"up": {"uv": [5.33333, 5.66667, 7, 7.33333], "texture": "#0"},
				"down": {"uv": [5.33333, 5.66667, 7, 7.33333], "texture": "#0"}
			}
		},
		{
			"from": [6.5, -6.5, 6.5],
			"to": [9.5, -3.5, 9.5],
			"rotation": {"angle": 45, "axis": "y", "origin": [8, -4.5, 8]},
			"faces": {
				"north": {"uv": [8.33333, 5, 9.33333, 6], "texture": "#0"},
				"east": {"uv": [8.33333, 5, 9.33333, 6], "texture": "#0"},
				"south": {"uv": [8.33333, 5, 9.33333, 6], "texture": "#0"},
				"west": {"uv": [8.33333, 5, 9.33333, 6], "texture": "#0"},
				"up": {"uv": [8.33333, 5, 9.33333, 6], "texture": "#0"},
				"down": {"uv": [8.33333, 5, 9.33333, 6], "texture": "#0"}
			}
		}
	],
	"display": {
		"thirdperson_righthand": {
			"rotation": [75, 45, 0],
			"translation": [0, 2.5, 0],
			"scale": [0.375, 0.375, 0.375]
		},
		"thirdperson_lefthand": {
			"rotation": [75, 45, 0],
			"translation": [0, 2.5, 0],
			"scale": [0.375, 0.375, 0.375]
		},
		"firstperson_righthand": {
			"rotation": [0, 45, 0],
			"scale": [0.4, 0.4, 0.4]
		},
		"firstperson_lefthand": {
			"rotation": [0, 225, 0],
			"scale": [0.4, 0.4, 0.4]
		},
		"ground": {
			"translation": [0, 3, 0],
			"scale": [0.25, 0.25, 0.25]
		},
		"gui": {
			"rotation": [30, 225, 0],
			"translation": [0, 0.75, 0],
			"scale": [0.5, 0.5, 0.5]
		},
		"fixed": {
			"scale": [0.5, 0.5, 0.5]
		}
	}
}