{
	"texture_size": [32, 32],
	"textures": {
		"0": "create_new_age:block/golden_motor",
		"particle": "create_new_age:block/golden_motor"
	},
	"elements": [
		{
			"from": [2, 12, 1],
			"to": [4, 14, 16],
			"rotation": {"angle": 0, "axis": "y", "origin": [8, 8, 8]},
			"faces": {
				"north": {"uv": [7, 6, 8, 5], "rotation": 90, "texture": "#0"},
				"east": {"uv": [8, 8, 9, 0.5], "rotation": 90, "texture": "#0"},
				"south": {"uv": [8, 5, 7, 6], "texture": "#0"},
				"west": {"uv": [8, 8, 9, 0.5], "rotation": 270, "texture": "#0"},
				"up": {"uv": [9, 0.5, 8, 8], "rotation": 180, "texture": "#0"},
				"down": {"uv": [9, 0.5, 8, 8], "rotation": 180, "texture": "#0"}
			}
		},
		{
			"name": "Back",
			"from": [3, 3, 13.9],
			"to": [13, 13, 15.9],
			"rotation": {"angle": 0, "axis": "y", "origin": [8, 8, 8]},
			"faces": {
				"north": {"uv": [0, 0, 5, 5], "texture": "#0"},
				"east": {"uv": [9.5, 0, 14.5, 1], "rotation": 270, "texture": "#0"},
				"south": {"uv": [0, 0, 5, 5], "texture": "#0"},
				"west": {"uv": [9.5, 0, 14.5, 1], "rotation": 90, "texture": "#0"},
				"up": {"uv": [9.5, 0, 14.5, 1], "rotation": 180, "texture": "#0"},
				"down": {"uv": [9.5, 0, 14.5, 1], "texture": "#0"}
			}
		},
		{
			"name": "Back",
			"from": [3, 3, 2],
			"to": [13, 13, 4],
			"rotation": {"angle": 0, "axis": "y", "origin": [8, 8, 8]},
			"faces": {
				"north": {"uv": [5, 0, 0, 5], "texture": "#0"},
				"east": {"uv": [9.5, 1, 14.5, 0], "rotation": 270, "texture": "#0"},
				"south": {"uv": [5, 0, 0, 5], "texture": "#0"},
				"west": {"uv": [9.5, 1, 14.5, 0], "rotation": 90, "texture": "#0"},
				"up": {"uv": [9.5, 1, 14.5, 0], "rotation": 180, "texture": "#0"},
				"down": {"uv": [9.5, 1, 14.5, 0], "texture": "#0"}
			}
		},
		{
			"name": "Between Rims",
			"from": [5, 5, 3],
			"to": [11, 11, 7],
			"rotation": {"angle": 0, "axis": "y", "origin": [8, 8, 8]},
			"faces": {
				"north": {"uv": [5, 0, 8, 3], "texture": "#0"},
				"east": {"uv": [5, 3, 8, 5], "rotation": 270, "texture": "#0"},
				"south": {"uv": [7, 2, 10, 5], "texture": "#0"},
				"west": {"uv": [5, 3, 8, 5], "rotation": 90, "texture": "#0"},
				"up": {"uv": [5, 3, 8, 5], "rotation": 180, "texture": "#0"},
				"down": {"uv": [5, 3, 8, 5], "texture": "#0"}
			}
		},
		{
			"name": "Between Rims",
			"from": [3.5, 3.5, 11],
			"to": [12.5, 12.5, 14],
			"rotation": {"angle": 0, "axis": "y", "origin": [8, 8, 8]},
			"faces": {
				"east": {"uv": [1.75, 5, 6.25, 6.5], "rotation": 90, "texture": "#0"},
				"west": {"uv": [1.75, 5, 6.25, 6.5], "rotation": 270, "texture": "#0"},
				"up": {"uv": [1.75, 5, 6.25, 6.5], "texture": "#0"},
				"down": {"uv": [1.75, 5, 6.25, 6.5], "rotation": 180, "texture": "#0"}
			}
		},
		{
			"name": "Body",
			"from": [4, 4, 5],
			"to": [12, 12, 14],
			"rotation": {"angle": 0, "axis": "y", "origin": [8, 8, 8]},
			"faces": {
				"north": {"uv": [10.5, 1, 14.5, 5], "rotation": 180, "texture": "#0"},
				"east": {"uv": [11, 1, 15, 5.5], "rotation": 90, "texture": "#0"},
				"south": {"uv": [9, 1.5, 13, 6.5], "rotation": 180, "texture": "#0"},
				"west": {"uv": [11, 1, 15, 5.5], "rotation": 90, "texture": "#0"},
				"up": {"uv": [11, 1, 15, 5.5], "texture": "#0"},
				"down": {"uv": [11, 1, 15, 5.5], "texture": "#0"}
			}
		},
		{
			"from": [12, 12, 1],
			"to": [14, 14, 16],
			"rotation": {"angle": 0, "axis": "y", "origin": [8, 8, 8]},
			"faces": {
				"north": {"uv": [7, 6, 8, 5], "rotation": 90, "texture": "#0"},
				"east": {"uv": [8, 8, 9, 0.5], "rotation": 90, "texture": "#0"},
				"south": {"uv": [8, 5, 7, 6], "texture": "#0"},
				"west": {"uv": [8, 8, 9, 0.5], "rotation": 270, "texture": "#0"},
				"up": {"uv": [9, 0.5, 8, 8], "rotation": 180, "texture": "#0"},
				"down": {"uv": [9, 0.5, 8, 8], "rotation": 180, "texture": "#0"}
			}
		},
		{
			"from": [12, 2, 1],
			"to": [14, 4, 16],
			"rotation": {"angle": 0, "axis": "y", "origin": [8, 8, 8]},
			"faces": {
				"north": {"uv": [7, 6, 8, 5], "rotation": 90, "texture": "#0"},
				"east": {"uv": [8, 8, 9, 0.5], "rotation": 90, "texture": "#0"},
				"south": {"uv": [8, 5, 7, 6], "texture": "#0"},
				"west": {"uv": [8, 8, 9, 0.5], "rotation": 270, "texture": "#0"},
				"up": {"uv": [9, 0.5, 8, 8], "rotation": 180, "texture": "#0"},
				"down": {"uv": [9, 0.5, 8, 8], "rotation": 180, "texture": "#0"}
			}
		},
		{
			"from": [2, 2, 1],
			"to": [4, 4, 16],
			"rotation": {"angle": 0, "axis": "y", "origin": [8, 8, 8]},
			"faces": {
				"north": {"uv": [7, 6, 8, 5], "rotation": 90, "texture": "#0"},
				"east": {"uv": [8, 8, 9, 0.5], "rotation": 90, "texture": "#0"},
				"south": {"uv": [8, 5, 7, 6], "texture": "#0"},
				"west": {"uv": [8, 8, 9, 0.5], "rotation": 270, "texture": "#0"},
				"up": {"uv": [9, 0.5, 8, 8], "rotation": 180, "texture": "#0"},
				"down": {"uv": [9, 0.5, 8, 8], "rotation": 180, "texture": "#0"}
			}
		},
		{
			"from": [5, 7, 6],
			"to": [11, 13, 12],
			"rotation": {"angle": 0, "axis": "y", "origin": [8, 8, 8]},
			"faces": {
				"north": {"uv": [5, 0, 8, 3], "texture": "#0"},
				"east": {"uv": [5, 0, 8, 3], "texture": "#0"},
				"south": {"uv": [5, 0, 8, 3], "texture": "#0"},
				"west": {"uv": [5, 0, 8, 3], "texture": "#0"},
				"up": {"uv": [5, 0, 8, 3], "rotation": 180, "texture": "#0"},
				"down": {"uv": [5, 0, 8, 3], "rotation": 180, "texture": "#0"}
			}
		},
		{
			"from": [5, 3, 6],
			"to": [11, 9, 12],
			"rotation": {"angle": 0, "axis": "z", "origin": [8, 8, 8]},
			"faces": {
				"north": {"uv": [5, 0, 8, 3], "rotation": 180, "texture": "#0"},
				"east": {"uv": [5, 0, 8, 3], "rotation": 180, "texture": "#0"},
				"south": {"uv": [5, 0, 8, 3], "rotation": 180, "texture": "#0"},
				"west": {"uv": [5, 0, 8, 3], "rotation": 180, "texture": "#0"},
				"up": {"uv": [5, 0, 8, 3], "texture": "#0"},
				"down": {"uv": [5, 0, 8, 3], "texture": "#0"}
			}
		},
		{
			"from": [3, 5, 6],
			"to": [13, 11, 12],
			"rotation": {"angle": 0, "axis": "y", "origin": [8, 8, 8]},
			"faces": {
				"north": {"uv": [5, 0, 8, 3], "texture": "#0"},
				"east": {"uv": [5, 0, 8, 3], "texture": "#0"},
				"south": {"uv": [5, 0, 8, 3], "texture": "#0"},
				"west": {"uv": [5, 0, 8, 3], "texture": "#0"},
				"up": {"uv": [5, 0, 8, 3], "rotation": 180, "texture": "#0"},
				"down": {"uv": [5, 0, 8, 3], "rotation": 180, "texture": "#0"}
			}
		}
	],
	"display": {
		"thirdperson_righthand": {
			"rotation": [75, 45, 0],
			"translation": [0, 2.5, 0],
			"scale": [0.375, 0.375, 0.375]
		},
		"thirdperson_lefthand": {
			"rotation": [75, 45, 0],
			"translation": [0, 2.5, 0],
			"scale": [0.375, 0.375, 0.375]
		},
		"firstperson_righthand": {
			"rotation": [0, 45, 0],
			"scale": [0.4, 0.4, 0.4]
		},
		"firstperson_lefthand": {
			"rotation": [0, 225, 0],
			"scale": [0.4, 0.4, 0.4]
		},
		"ground": {
			"translation": [0, 3, 0],
			"scale": [0.25, 0.25, 0.25]
		},
		"gui": {
			"rotation": [30, 225, 0],
			"scale": [0.625, 0.625, 0.625]
		},
		"fixed": {
			"scale": [0.5, 0.5, 0.5]
		}
	}
}